"1014942","Alachua","Alachua,Florida,United States","21142","US","City","Active"
"1014943","Altamonte Springs","Altamonte Springs,Florida,United States","21142","US","City","Active"
"1014944","Altha","Altha,Florida,United States","21142","US","City","Active"
"1014945","Anna Maria","Anna Maria,Florida,United States","21142","US","City","Active"
"1014946","Anthony","Anthony,Florida,United States","21142","US","City","Active"
"1014947","Apalachicola","Apalachicola,Florida,United States","21142","US","City","Active"
"1014948","Apopka","Apopka,Florida,United States","21142","US","City","Active"
"1014950","Atlantic Beach","Atlantic Beach,Florida,United States","21142","US","City","Active"
"1014951","Auburndale","Auburndale,Florida,United States","21142","US","City","Active"
"1014953","Bartow","Bartow,Florida,United States","21142","US","City","Active"
"1014954","Belle Glade","Belle Glade,Florida,United States","21142","US","City","Active"
"1014955","Belleview","Belleview,Florida,United States","21142","US","City","Active"
"1014956","Big Pine Key","Big Pine Key,Florida,United States","21142","US","City","Active"
"1014957","Blountstown","Blountstown,Florida,United States","21142","US","City","Active"
"1014958","Boca Grande","Boca Grande,Florida,United States","21142","US","City","Active"
"1014960","Bonifay","Bonifay,Florida,United States","21142","US","City","Active"
"1014964","Brandon","Brandon,Florida,United States","21142","US","City","Active"
"1014965","Branford","Branford,Florida,United States","21142","US","City","Active"
"1014966","Brevard County","Brevard County,Florida,United States","21142","US","County","Active"
"1014967","Bronson","Bronson,Florida,United States","21142","US","City","Active"
"1014969","Broward County","Broward County,Florida,United States","21142","US","County","Active"
"1014970","Bunnell","Bunnell,Florida,United States","21142","US","City","Active"
"1014971","Bushnell","Bushnell,Florida,United States","21142","US","City","Active"
"1014972","Callahan","Callahan,Florida,United States","21142","US","City","Active"
"1014973","Candler","Candler,Florida,United States","21142","US","City","Active"
"1014974","Cantonment","Cantonment,Florida,United States","21142","US","Neighborhood","Active"
"1014975","Cape Canaveral","Cape Canaveral,Florida,United States","21142","US","City","Active"
"1014977","Casselberry","Casselberry,Florida,United States","21142","US","City","Active"
"1014979","Chattahoochee","Chattahoochee,Florida,United States","21142","US","City","Active"
"1014980","Chiefland","Chiefland,Florida,United States","21142","US","City","Active"
"1014981","Chipley","Chipley,Florida,United States","21142","US","City","Active"
"1014982","Citrus County","Citrus County,Florida,United States","21142","US","County","Active"
"1014983","Clarcona","Clarcona,Florida,United States","21142","US","City","Active"
"1014984","Clearwater","Clearwater,Florida,United States","21142","US","City","Active"
"1014985","Clearwater Beach","Clearwater Beach,Florida,United States","21142","US","Neighborhood","Active"
"1014986","Clermont","Clermont,Florida,United States","21142","US","City","Active"
"1014987","Clewiston","Clewiston,Florida,United States","21142","US","City","Active"
"1014988","Cocoa","Cocoa,Florida,United States","21142","US","City","Active"
"1014989","Cocoa Beach","Cocoa Beach,Florida,United States","21142","US","City","Active"
"1014990","Cottondale","Cottondale,Florida,United States","21142","US","City","Active"
"1014991","Crawfordville","Crawfordville,Florida,United States","21142","US","City","Active"
"1014992","Crescent City","Crescent City,Florida,United States","21142","US","City","Active"
"1014993","Crestview","Crestview,Florida,United States","21142","US","City","Active"
"1014994","Cross City","Cross City,Florida,United States","21142","US","City","Active"
"1014995","Crystal Beach","Crystal Beach,Florida,United States","21142","US","Neighborhood","Active"
"1014996","Crystal River","Crystal River,Florida,United States","21142","US","City","Active"
"1014999","Dania Beach","Dania Beach,Florida,United States","21142","US","City","Active"
"1015000","Davenport","Davenport,Florida,United States","21142","US","City","Active"
"1015001","Daytona Beach","Daytona Beach,Florida,United States","21142","US","City","Active"
"1015002","De Leon Springs","De Leon Springs,Florida,United States","21142","US","City","Active"
"1015003","DeBary","DeBary,Florida,United States","21142","US","City","Active"
"1015005","DeFuniak Springs","DeFuniak Springs,Florida,United States","21142","US","City","Active"
"1015006","DeLand","DeLand,Florida,United States","21142","US","City","Active"
"1015008","Deltona","Deltona,Florida,United States","21142","US","City","Active"
"1015009","Destin","Destin,Florida,United States","21142","US","City","Active"
"1015010","Dover","Dover,Florida,United States","21142","US","City","Active"
"1015011","Dundee","Dundee,Florida,United States","21142","US","City","Active"
"1015012","Dunedin","Dunedin,Florida,United States","21142","US","City","Active"
"1015013","Eagle Lake","Eagle Lake,Florida,United States","21142","US","City","Active"
"1015014","Eastpoint","Eastpoint,Florida,United States","21142","US","City","Active"
"1015016","Eglin Air Force Base","Eglin Air Force Base,Florida,United States","21142","US","City","Active"
"1015017","Elfers","Elfers,Florida,United States","21142","US","City","Active"
"1015018","Ellenton","Ellenton,Florida,United States","21142","US","City","Active"
"1015019","Englewood","Englewood,Florida,United States","21142","US","City","Active"
"1015021","Eustis","Eustis,Florida,United States","21142","US","City","Active"
"1015022","Fernandina Beach","Fernandina Beach,Florida,United States","21142","US","City","Active"
"1015023","Flagler Beach","Flagler Beach,Florida,United States","21142","US","City","Active"
"1015024","Freeport","Freeport,Florida,United States","21142","US","City","Active"
"1015025","Frostproof","Frostproof,Florida,United States","21142","US","City","Active"
"1015026","Fruitland Park","Fruitland Park,Florida,United States","21142","US","City","Active"
"1015028","Fort Meade","Fort Meade,Florida,United States","21142","US","City","Active"
"1015032","Fort Walton Beach","Fort Walton Beach,Florida,United States","21142","US","City","Active"
"1015033","Gainesville","Gainesville,Florida,United States","21142","US","City","Active"
"1015034","Geneva","Geneva,Florida,United States","21142","US","City","Active"
"1015035","Gibsonton","Gibsonton,Florida,United States","21142","US","City","Active"
"1015036","Glenwood","Glenwood,Florida,United States","21142","US","City","Active"
"1015037","Goldenrod","Goldenrod,Florida,United States","21142","US","City","Active"
"1015038","Graceville","Graceville,Florida,United States","21142","US","City","Active"
"1015039","Graham","Graham,Florida,United States","21142","US","City","Active"
"1015040","Grant","Grant,Florida,United States","21142","US","Neighborhood","Active"
"1015041","Green Cove Springs","Green Cove Springs,Florida,United States","21142","US","City","Active"
"1015042","Groveland","Groveland,Florida,United States","21142","US","City","Active"
"1015043","Gulf Breeze","Gulf Breeze,Florida,United States","21142","US","City","Active"
"1015044","Haines City","Haines City,Florida,United States","21142","US","City","Active"
"1015045","Hallandale Beach","Hallandale Beach,Florida,United States","21142","US","City","Active"
"1015046","Havana","Havana,Florida,United States","21142","US","City","Active"
"1015047","Hawthorne","Hawthorne,Florida,United States","21142","US","City","Active"
"1015048","Hernando","Hernando,Florida,United States","21142","US","City","Active"
"1015050","High Springs","High Springs,Florida,United States","21142","US","City","Active"
"1015051","Hilliard","Hilliard,Florida,United States","21142","US","City","Active"
"1015053","Holiday","Holiday,Florida,United States","21142","US","City","Active"
"1015056","Homosassa","Homosassa,Florida,United States","21142","US","City","Active"
"1015057","Homosassa Springs","Homosassa Springs,Florida,United States","21142","US","City","Active"
"1015059","Hurlburt Field","Hurlburt Field,Florida,United States","21142","US","City","Active"
"1015061","Indialantic","Indialantic,Florida,United States","21142","US","City","Active"
"1015062","Indian Rocks Beach","Indian Rocks Beach,Florida,United States","21142","US","City","Active"
"1015063","Indiantown","Indiantown,Florida,United States","21142","US","City","Active"
"1015064","Inverness","Inverness,Florida,United States","21142","US","City","Active"
"1015065","Islamorada","Islamorada,Florida,United States","21142","US","City","Active"
"1015066","Jackson County","Jackson County,Florida,United States","21142","US","County","Active"
"1015068","Jacksonville Beach","Jacksonville Beach,Florida,United States","21142","US","City","Active"
"1015069","Jasper","Jasper,Florida,United States","21142","US","City","Active"
"1015070","Jay","Jay,Florida,United States","21142","US","City","Active"
"1015073","Kenansville","Kenansville,Florida,United States","21142","US","City","Active"
"1015074","Key Biscayne","Key Biscayne,Florida,United States","21142","US","City","Active"
"1015075","Key Largo","Key Largo,Florida,United States","21142","US","City","Active"
"1015076","Key West","Key West,Florida,United States","21142","US","City","Active"
"1015077","Keystone Heights","Keystone Heights,Florida,United States","21142","US","City","Active"
"1015078","Kissimmee","Kissimmee,Florida,United States","21142","US","City","Active"
"1015079","LaBelle","LaBelle,Florida,United States","21142","US","City","Active"
"1015080","Lady Lake","Lady Lake,Florida,United States","21142","US","City","Active"
"1015082","Lake City","Lake City,Florida,United States","21142","US","City","Active"
"1015083","Lake Helen","Lake Helen,Florida,United States","21142","US","City","Active"
"1015084","Lake Mary","Lake Mary,Florida,United States","21142","US","City","Active"
"1015086","Lake Wales","Lake Wales,Florida,United States","21142","US","City","Active"
"1015088","Lakeland","Lakeland,Florida,United States","21142","US","City","Active"
"1015089","Land O' Lakes","Land O' Lakes,Florida,United States","21142","US","City","Active"
"1015090","Largo","Largo,Florida,United States","21142","US","City","Active"
"1015091","Laurel Hill","Laurel Hill,Florida,United States","21142","US","City","Active"
"1015092","Lecanto","Lecanto,Florida,United States","21142","US","City","Active"
"1015093","Lee","Lee,Florida,United States","21142","US","City","Active"
"1015094","Leesburg","Leesburg,Florida,United States","21142","US","City","Active"
"1015096","Leon County","Leon County,Florida,United States","21142","US","County","Active"
"1015097","Live Oak","Live Oak,Florida,United States","21142","US","City","Active"
"1015098","Longboat Key","Longboat Key,Florida,United States","21142","US","City","Active"
"1015099","Longwood","Longwood,Florida,United States","21142","US","City","Active"
"1015100","Loxahatchee Groves","Loxahatchee Groves,Florida,United States","21142","US","City","Active"
"1015101","Lutz","Lutz,Florida,United States","21142","US","City","Active"
"1015102","Lynn Haven","Lynn Haven,Florida,United States","21142","US","City","Active"
"1015103","Macclenny","Macclenny,Florida,United States","21142","US","City","Active"
"1015104","Madison","Madison,Florida,United States","21142","US","City","Active"
"1015105","Maitland","Maitland,Florida,United States","21142","US","City","Active"
"1015106","Malabar","Malabar,Florida,United States","21142","US","City","Active"
"1015107","Marathon","Marathon,Florida,United States","21142","US","City","Active"
"1015109","Marianna","Marianna,Florida,United States","21142","US","City","Active"
"1015110","Mary Esther","Mary Esther,Florida,United States","21142","US","City","Active"
"1015111","Mayo","Mayo,Florida,United States","21142","US","City","Active"
"1015112","McDavid","McDavid,Florida,United States","21142","US","City","Active"
"1015113","Melbourne","Melbourne,Florida,United States","21142","US","City","Active"
"1015114","Merritt Island","Merritt Island,Florida,United States","21142","US","City","Active"
"1015115","Mexico Beach","Mexico Beach,Florida,United States","21142","US","City","Active"
"1015118","Miccosukee Land Cooperative","Miccosukee Land Cooperative,Florida,United States","21142","US","Neighborhood","Active"
"1015119","Middleburg","Middleburg,Florida,United States","21142","US","City","Active"
"1015120","Milton","Milton,Florida,United States","21142","US","City","Active"
"1015121","Minneola","Minneola,Florida,United States","21142","US","City","Active"
"1015122","Molino","Molino,Florida,United States","21142","US","City","Active"
"1015123","Monticello","Monticello,Florida,United States","21142","US","City","Active"
"1015124","Montverde","Montverde,Florida,United States","21142","US","City","Active"
"1015125","Mount Dora","Mount Dora,Florida,United States","21142","US","City","Active"
"1015126","Mount Pleasant","Mount Pleasant,Florida,United States","21142","US","City","Active"
"1015127","Mulberry","Mulberry,Florida,United States","21142","US","City","Active"
"1015128","Myakka City","Myakka City,Florida,United States","21142","US","City","Active"
"1015130","Navarre","Navarre,Florida,United States","21142","US","City","Active"
"1015131","Neptune Beach","Neptune Beach,Florida,United States","21142","US","City","Active"
"1015133","New Smyrna Beach","New Smyrna Beach,Florida,United States","21142","US","City","Active"
"1015134","Newberry","Newberry,Florida,United States","21142","US","City","Active"
"1015135","Niceville","Niceville,Florida,United States","21142","US","City","Active"
"1015139","North Palm Beach","North Palm Beach,Florida,United States","21142","US","City","Active"
"1015141","Ocala","Ocala,Florida,United States","21142","US","City","Active"
"1015142","Ocoee","Ocoee,Florida,United States","21142","US","City","Active"
"1015143","Odessa","Odessa,Florida,United States","21142","US","City","Active"
"1015144","Okahumpka","Okahumpka,Florida,United States","21142","US","City","Active"
"1015145","Okeechobee","Okeechobee,Florida,United States","21142","US","City","Active"
"1015146","Oldsmar","Oldsmar,Florida,United States","21142","US","City","Active"
"1015147","Opa-locka","Opa-locka,Florida,United States","21142","US","City","Active"
"1015148","Orange City","Orange City,Florida,United States","21142","US","City","Active"
"1015149","Orange Park","Orange Park,Florida,United States","21142","US","City","Active"
"1015150","Orlando","Orlando,Florida,United States","21142","US","City","Active"
"1015151","Ormond Beach","Ormond Beach,Florida,United States","21142","US","City","Active"
"1015152","Osprey","Osprey,Florida,United States","21142","US","City","Active"
"1015153","Oviedo","Oviedo,Florida,United States","21142","US","City","Active"
"1015154","Ozona","Ozona,Florida,United States","21142","US","Neighborhood","Active"
"1015155","Pahokee","Pahokee,Florida,United States","21142","US","City","Active"
"1015156","Palatka","Palatka,Florida,United States","21142","US","City","Active"
"1015157","Palm Bay","Palm Bay,Florida,United States","21142","US","City","Active"
"1015158","Palm Beach","Palm Beach,Florida,United States","21142","US","City","Active"
"1015160","Palm Coast","Palm Coast,Florida,United States","21142","US","City","Active"
"1015162","Palmetto","Palmetto,Florida,United States","21142","US","City","Active"
"1015163","Panama City","Panama City,Florida,United States","21142","US","City","Active"
"1015164","Panama City Beach","Panama City Beach,Florida,United States","21142","US","City","Active"
"1015165","Patrick Air Force Base","Patrick Air Force Base,Florida,United States","21142","US","City","Active"
"1015167","Pensacola","Pensacola,Florida,United States","21142","US","City","Active"
"1015168","Perry","Perry,Florida,United States","21142","US","City","Active"
"1015169","Pierson","Pierson,Florida,United States","21142","US","City","Active"
"1015170","Pinellas Park","Pinellas Park,Florida,United States","21142","US","City","Active"
"1015171","Placida","Placida,Florida,United States","21142","US","City","Active"
"1015172","Plant City","Plant City,Florida,United States","21142","US","City","Active"
"1015173","Plymouth","Plymouth,Florida,United States","21142","US","City","Active"
"1015174","Polk City","Polk City,Florida,United States","21142","US","City","Active"
"1015175","Pomona Park","Pomona Park,Florida,United States","21142","US","City","Active"
"1015177","Ponte Vedra Beach","Ponte Vedra Beach,Florida,United States","21142","US","City","Active"
"1015179","Port Orange","Port Orange,Florida,United States","21142","US","City","Active"
"1015181","Port St. Joe","Port St. Joe,Florida,United States","21142","US","City","Active"
"1015182","Port St. Lucie","Port St. Lucie,Florida,United States","21142","US","City","Active"
"1015184","Quincy","Quincy,Florida,United States","21142","US","City","Active"
"1015185","Reddick","Reddick,Florida,United States","21142","US","City","Active"
"1015186","Riverview","Riverview,Florida,United States","21142","US","City","Active"
"1015187","Rockledge","Rockledge,Florida,United States","21142","US","City","Active"
"1015188","Safety Harbor","Safety Harbor,Florida,United States","21142","US","City","Active"
"1015189","San Antonio","San Antonio,Florida,United States","21142","US","City","Active"
"1015190","Sanford","Sanford,Florida,United States","21142","US","City","Active"
"1015191","Sanibel","Sanibel,Florida,United States","21142","US","City","Active"
"1015193","Satellite Beach","Satellite Beach,Florida,United States","21142","US","City","Active"
"1015194","Sebastian","Sebastian,Florida,United States","21142","US","City","Active"
"1015196","Seffner","Seffner,Florida,United States","21142","US","City","Active"
"1015197","Seminole","Seminole,Florida,United States","21142","US","City","Active"
"1015198","Shalimar","Shalimar,Florida,United States","21142","US","City","Active"
"1015199","Silver Springs","Silver Springs,Florida,United States","21142","US","City","Active"
"1015200","Sorrento","Sorrento,Florida,United States","21142","US","City","Active"
"1015201","South Bay","South Bay,Florida,United States","21142","US","City","Active"
"1015203","St. Augustine","St. Augustine,Florida,United States","21142","US","City","Active"
"1015204","St. Cloud","St. Cloud,Florida,United States","21142","US","City","Active"
"1015205","Saint James City","Saint James City,Florida,United States","21142","US","City","Active"
"1015206","St. Petersburg","St. Petersburg,Florida,United States","21142","US","City","Active"
"1015207","Starke","Starke,Florida,United States","21142","US","City","Active"
"1015209","Sugarloaf Shores","Sugarloaf Shores,Florida,United States","21142","US","Neighborhood","Active"
"1015210","Summerland Key","Summerland Key,Florida,United States","21142","US","City","Active"
"1015211","Sun City","Sun City,Florida,United States","21142","US","City","Active"
"1015212","Sunnyside","Sunnyside,Florida,United States","21142","US","City","Active"
"1015215","Tarpon Springs","Tarpon Springs,Florida,United States","21142","US","City","Active"
"1015216","Tavares","Tavares,Florida,United States","21142","US","City","Active"
"1015217","Tavernier","Tavernier,Florida,United States","21142","US","City","Active"
"1015218","Thonotosassa","Thonotosassa,Florida,United States","21142","US","City","Active"
"1015219","Titusville","Titusville,Florida,United States","21142","US","City","Active"
"1015220","Trenton","Trenton,Florida,United States","21142","US","City","Active"
"1015221","Valparaiso","Valparaiso,Florida,United States","21142","US","City","Active"
"1015222","Valrico","Valrico,Florida,United States","21142","US","City","Active"
"1015223","Venice","Venice,Florida,United States","21142","US","City","Active"
"1015224","Venus","Venus,Florida,United States","21142","US","City","Active"
"1015227","Wauchula","Wauchula,Florida,United States","21142","US","City","Active"
"1015228","Wellborn","Wellborn,Florida,United States","21142","US","City","Active"
"1015230","Weston","Weston,Florida,United States","21142","US","City","Active"
"1015231","Wildwood","Wildwood,Florida,United States","21142","US","City","Active"
"1015232","Williston","Williston,Florida,United States","21142","US","City","Active"
"1015233","Wimauma","Wimauma,Florida,United States","21142","US","City","Active"
"1015234","Windermere","Windermere,Florida,United States","21142","US","City","Active"
"1015235","Winter Garden","Winter Garden,Florida,United States","21142","US","City","Active"
"1015236","Winter Haven","Winter Haven,Florida,United States","21142","US","City","Active"
"1015237","Winter Park","Winter Park,Florida,United States","21142","US","City","Active"
"1015238","Winter Springs","Winter Springs,Florida,United States","21142","US","City","Active"
"1015239","Yulee","Yulee,Florida,United States","21142","US","City","Active"
"1015240","Zellwood","Zellwood,Florida,United States","21142","US","City","Active"
"9011475","Mayo","32066,Florida,United States","21142","US","Postal Code","Active"
"9011496","Citra","32113,Florida,United States","21142","US","Postal Code","Active"
"9011497","Daytona Beach","32114,Florida,United States","21142","US","Postal Code","Active"
"9011498","Daytona Beach","32117,Florida,United States","21142","US","Postal Code","Active"
"9011499","Daytona Beach","32118,Florida,United States","21142","US","Postal Code","Active"
"9011500","Daytona Beach","32119,Florida,United States","21142","US","Postal Code","Active"
"9011501","Daytona Beach","32124,Florida,United States","21142","US","Postal Code","Active"
"9011502","Port Orange","32127,Florida,United States","21142","US","Postal Code","Active"
"9011503","Port Orange","32128,Florida,United States","21142","US","Postal Code","Active"
"9011504","Port Orange","32129,Florida,United States","21142","US","Postal Code","Active"
"9011505","De Leon Springs","32130,Florida,United States","21142","US","Postal Code","Active"
"9011507","Edgewater","32132,Florida,United States","21142","US","Postal Code","Active"
"9011508","Fort Mc Coy","32134,Florida,United States","21142","US","Postal Code","Active"
"9011514","Edgewater","32141,Florida,United States","21142","US","Postal Code","Active"
"9011518","Lady Lake","32159,Florida,United States","21142","US","Postal Code","Active"
"9011519","The Villages","32162,Florida,United States","21142","US","Postal Code","Active"
"9011521","New Smyrna Beach","32168,Florida,United States","21142","US","Postal Code","Active"
"9011522","New Smyrna Beach","32169,Florida,United States","21142","US","Postal Code","Active"
"9011523","Ormond Beach","32174,Florida,United States","21142","US","Postal Code","Active"
"9011524","Ormond Beach","32176,Florida,United States","21142","US","Postal Code","Active"
"9011526","Ocklawaha","32179,Florida,United States","21142","US","Postal Code","Active"
"9011527","Pierson","32180,Florida,United States","21142","US","Postal Code","Active"
"9011528","Pomona Park","32181,Florida,United States","21142","US","Postal Code","Active"
"9011529","Orange Springs","32182,Florida,United States","21142","US","Postal Code","Active"
"9011530","San Mateo","32187,Florida,United States","21142","US","Postal Code","Active"
"9011532","Seville","32190,Florida,United States","21142","US","Postal Code","Active"
"9011533","Sparr","32192,Florida,United States","21142","US","Postal Code","Active"
"9011535","Weirsdale","32195,Florida,United States","21142","US","Postal Code","Active"
"9011579","Tallahassee","32310,Florida,United States","21142","US","Postal Code","Active"
"9011593","Havana","32333,Florida,United States","21142","US","Postal Code","Active"
"9011594","Hosford","32334,Florida,United States","21142","US","Postal Code","Active"
"9011595","Lamont","32336,Florida,United States","21142","US","Postal Code","Active"
"9011596","Madison","32340,Florida,United States","21142","US","Postal Code","Active"
"9011599","Panacea","32346,Florida,United States","21142","US","Postal Code","Active"
"9011606","Salem","32356,Florida,United States","21142","US","Postal Code","Active"
"9011608","Steinhatchee","32359,Florida,United States","21142","US","Postal Code","Active"
"9011609","Telogia","32360,Florida,United States","21142","US","Postal Code","Active"
"9011634","Defuniak Springs","32435,Florida,United States","21142","US","Postal Code","Active"
"9011709","Anthony","32617,Florida,United States","21142","US","Postal Code","Active"
"9011712","Bronson","32621,Florida,United States","21142","US","Postal Code","Active"
"9011714","Cedar Key","32625,Florida,United States","21142","US","Postal Code","Active"
"9011718","Gulf Hammock","32639,Florida,United States","21142","US","Postal Code","Active"
"9011725","Mc Intosh","32664,Florida,United States","21142","US","Postal Code","Active"
"9011726","Melrose","32666,Florida,United States","21142","US","Postal Code","Active"
"9011728","Morriston","32668,Florida,United States","21142","US","Postal Code","Active"
"9011731","Orange Lake","32681,Florida,United States","21142","US","Postal Code","Active"
"9011732","Reddick","32686,Florida,United States","21142","US","Postal Code","Active"
"9011736","Williston","32696,Florida,United States","21142","US","Postal Code","Active"
"9011738","Altamonte Springs","32701,Florida,United States","21142","US","Postal Code","Active"
"9011739","Altoona","32702,Florida,United States","21142","US","Postal Code","Active"
"9011740","Apopka","32703,Florida,United States","21142","US","Postal Code","Active"
"9011741","Cassadaga","32706,Florida,United States","21142","US","Postal Code","Active"
"9011742","Casselberry","32707,Florida,United States","21142","US","Postal Code","Active"
"9011743","Winter Springs","32708,Florida,United States","21142","US","Postal Code","Active"
"9011744","Christmas","32709,Florida,United States","21142","US","Postal Code","Active"
"9011745","Apopka","32712,Florida,United States","21142","US","Postal Code","Active"
"9011746","Debary","32713,Florida,United States","21142","US","Postal Code","Active"
"9011747","Altamonte Springs","32714,Florida,United States","21142","US","Postal Code","Active"
"9011748","Deland","32720,Florida,United States","21142","US","Postal Code","Active"
"9011750","Deland","32724,Florida,United States","21142","US","Postal Code","Active"
"9011751","Deltona","32725,Florida,United States","21142","US","Postal Code","Active"
"9011752","Eustis","32726,Florida,United States","21142","US","Postal Code","Active"
"9011753","Casselberry","32730,Florida,United States","21142","US","Postal Code","Active"
"9011754","Geneva","32732,Florida,United States","21142","US","Postal Code","Active"
"9011755","Grand Island","32735,Florida,United States","21142","US","Postal Code","Active"
"9011756","Eustis","32736,Florida,United States","21142","US","Postal Code","Active"
"9011757","Deltona","32738,Florida,United States","21142","US","Postal Code","Active"
"9011758","Lake Helen","32744,Florida,United States","21142","US","Postal Code","Active"
"9011759","Lake Mary","32746,Florida,United States","21142","US","Postal Code","Active"
"9011760","Longwood","32750,Florida,United States","21142","US","Postal Code","Active"
"9011761","Maitland","32751,Florida,United States","21142","US","Postal Code","Active"
"9011762","Mims","32754,Florida,United States","21142","US","Postal Code","Active"
"9011763","Mount Dora","32757,Florida,United States","21142","US","Postal Code","Active"
"9011764","Oak Hill","32759,Florida,United States","21142","US","Postal Code","Active"
"9011765","Orange City","32763,Florida,United States","21142","US","Postal Code","Active"
"9011766","Osteen","32764,Florida,United States","21142","US","Postal Code","Active"
"9011767","Oviedo","32765,Florida,United States","21142","US","Postal Code","Active"
"9011768","Oviedo","32766,Florida,United States","21142","US","Postal Code","Active"
"9011769","Paisley","32767,Florida,United States","21142","US","Postal Code","Active"
"9011770","Sanford","32771,Florida,United States","21142","US","Postal Code","Active"
"9011771","Sanford","32773,Florida,United States","21142","US","Postal Code","Active"
"9011772","Scottsmoor","32775,Florida,United States","21142","US","Postal Code","Active"
"9011773","Sorrento","32776,Florida,United States","21142","US","Postal Code","Active"
"9011774","Tavares","32778,Florida,United States","21142","US","Postal Code","Active"
"9011775","Longwood","32779,Florida,United States","21142","US","Postal Code","Active"
"9011776","Titusville","32780,Florida,United States","21142","US","Postal Code","Active"
"9011777","Umatilla","32784,Florida,United States","21142","US","Postal Code","Active"
"9011778","Winter Park","32789,Florida,United States","21142","US","Postal Code","Active"
"9011779","Winter Park","32792,Florida,United States","21142","US","Postal Code","Active"
"9011780","Titusville","32796,Florida,United States","21142","US","Postal Code","Active"
"9011781","Zellwood","32798,Florida,United States","21142","US","Postal Code","Active"
"9011782","Orlando","32801,Florida,United States","21142","US","Postal Code","Active"
"9011784","Orlando","32803,Florida,United States","21142","US","Postal Code","Active"
"9011785","Orlando","32804,Florida,United States","21142","US","Postal Code","Active"
"9011786","Orlando","32805,Florida,United States","21142","US","Postal Code","Active"
"9011787","Orlando","32806,Florida,United States","21142","US","Postal Code","Active"
"9011788","Orlando","32807,Florida,United States","21142","US","Postal Code","Active"
"9011789","Orlando","32808,Florida,United States","21142","US","Postal Code","Active"
"9011790","Orlando","32809,Florida,United States","21142","US","Postal Code","Active"
"9011791","Orlando","32810,Florida,United States","21142","US","Postal Code","Active"
"9011792","Orlando","32811,Florida,United States","21142","US","Postal Code","Active"
"9011793","Orlando","32812,Florida,United States","21142","US","Postal Code","Active"
"9011794","Orlando","32814,Florida,United States","21142","US","Postal Code","Active"
"9011795","Orlando","32816,Florida,United States","21142","US","Postal Code","Active"
"9011796","Orlando","32817,Florida,United States","21142","US","Postal Code","Active"
"9011797","Orlando","32818,Florida,United States","21142","US","Postal Code","Active"
"9011798","Orlando","32819,Florida,United States","21142","US","Postal Code","Active"
"9011799","Orlando","32820,Florida,United States","21142","US","Postal Code","Active"
"9011800","Orlando","32821,Florida,United States","21142","US","Postal Code","Active"
"9011801","Orlando","32822,Florida,United States","21142","US","Postal Code","Active"
"9011802","Orlando","32824,Florida,United States","21142","US","Postal Code","Active"
"9011803","Orlando","32825,Florida,United States","21142","US","Postal Code","Active"
"9011804","Orlando","32826,Florida,United States","21142","US","Postal Code","Active"
"9011805","Orlando","32827,Florida,United States","21142","US","Postal Code","Active"
"9011806","Orlando","32828,Florida,United States","21142","US","Postal Code","Active"
"9011807","Orlando","32829,Florida,United States","21142","US","Postal Code","Active"
"9011808","Orlando","32830,Florida,United States","21142","US","Postal Code","Active"
"9011809","Orlando","32831,Florida,United States","21142","US","Postal Code","Active"
"9011810","Orlando","32832,Florida,United States","21142","US","Postal Code","Active"
"9011811","Orlando","32833,Florida,United States","21142","US","Postal Code","Active"
"9011812","Orlando","32835,Florida,United States","21142","US","Postal Code","Active"
"9011813","Orlando","32836,Florida,United States","21142","US","Postal Code","Active"
"9011814","Orlando","32837,Florida,United States","21142","US","Postal Code","Active"
"9011815","Orlando","32839,Florida,United States","21142","US","Postal Code","Active"
"9011816","Orlando","32887,Florida,United States","21142","US","Postal Code","Active"
"9011817","Melbourne","32901,Florida,United States","21142","US","Postal Code","Active"
"9011818","Indialantic","32903,Florida,United States","21142","US","Postal Code","Active"
"9011819","Melbourne","32904,Florida,United States","21142","US","Postal Code","Active"
"9011820","Palm Bay","32905,Florida,United States","21142","US","Postal Code","Active"
"9011821","Palm Bay","32907,Florida,United States","21142","US","Postal Code","Active"
"9011822","Palm Bay","32908,Florida,United States","21142","US","Postal Code","Active"
"9011823","Palm Bay","32909,Florida,United States","21142","US","Postal Code","Active"
"9011824","Cape Canaveral","32920,Florida,United States","21142","US","Postal Code","Active"
"9011825","Cocoa","32922,Florida,United States","21142","US","Postal Code","Active"
"9011826","Patrick Afb","32925,Florida,United States","21142","US","Postal Code","Active"
"9011827","Cocoa","32926,Florida,United States","21142","US","Postal Code","Active"
"9011828","Cocoa","32927,Florida,United States","21142","US","Postal Code","Active"
"9011829","Cocoa Beach","32931,Florida,United States","21142","US","Postal Code","Active"
"9011830","Melbourne","32934,Florida,United States","21142","US","Postal Code","Active"
"9011831","Melbourne","32935,Florida,United States","21142","US","Postal Code","Active"
"9011832","Satellite Beach","32937,Florida,United States","21142","US","Postal Code","Active"
"9011833","Melbourne","32940,Florida,United States","21142","US","Postal Code","Active"
"9011835","Grant","32949,Florida,United States","21142","US","Postal Code","Active"
"9011836","Malabar","32950,Florida,United States","21142","US","Postal Code","Active"
"9011837","Melbourne Beach","32951,Florida,United States","21142","US","Postal Code","Active"
"9011838","Merritt Island","32952,Florida,United States","21142","US","Postal Code","Active"
"9011839","Merritt Island","32953,Florida,United States","21142","US","Postal Code","Active"
"9011840","Rockledge","32955,Florida,United States","21142","US","Postal Code","Active"
"9011848","Sebastian","32976,Florida,United States","21142","US","Postal Code","Active"
"9011849","Long Key","33001,Florida,United States","21142","US","Postal Code","Active"
"9011876","Islamorada","33036,Florida,United States","21142","US","Postal Code","Active"
"9011877","Key Largo","33037,Florida,United States","21142","US","Postal Code","Active"
"9011879","Key West","33040,Florida,United States","21142","US","Postal Code","Active"
"9011880","Summerland Key","33042,Florida,United States","21142","US","Postal Code","Active"
"9011881","Big Pine Key","33043,Florida,United States","21142","US","Postal Code","Active"
"9011882","Marathon","33050,Florida,United States","21142","US","Postal Code","Active"
"9011883","Key Colony Beach","33051,Florida,United States","21142","US","Postal Code","Active"
"9011896","Tavernier","33070,Florida,United States","21142","US","Postal Code","Active"
"9012043","Pahokee","33476,Florida,United States","21142","US","Postal Code","Active"
"9012051","South Bay","33493,Florida,United States","21142","US","Postal Code","Active"
"9012055","Brandon","33510,Florida,United States","21142","US","Postal Code","Active"
"9012056","Brandon","33511,Florida,United States","21142","US","Postal Code","Active"
"9012057","Bushnell","33513,Florida,United States","21142","US","Postal Code","Active"
"9012058","Center Hill","33514,Florida,United States","21142","US","Postal Code","Active"
"9012062","Dover","33527,Florida,United States","21142","US","Postal Code","Active"
"9012070","Lithia","33547,Florida,United States","21142","US","Postal Code","Active"
"9012076","Plant City","33563,Florida,United States","21142","US","Postal Code","Active"
"9012077","Plant City","33565,Florida,United States","21142","US","Postal Code","Active"
"9012078","Plant City","33566,Florida,United States","21142","US","Postal Code","Active"
"9012079","Plant City","33567,Florida,United States","21142","US","Postal Code","Active"
"9012080","Riverview","33569,Florida,United States","21142","US","Postal Code","Active"
"9012081","Ruskin","33570,Florida,United States","21142","US","Postal Code","Active"
"9012082","Apollo Beach","33572,Florida,United States","21142","US","Postal Code","Active"
"9012083","Sun City Center","33573,Florida,United States","21142","US","Postal Code","Active"
"9012084","San Antonio","33576,Florida,United States","21142","US","Postal Code","Active"
"9012085","Riverview","33578,Florida,United States","21142","US","Postal Code","Active"
"9012086","Riverview","33579,Florida,United States","21142","US","Postal Code","Active"
"9012087","Seffner","33584,Florida,United States","21142","US","Postal Code","Active"
"9012088","Sumterville","33585,Florida,United States","21142","US","Postal Code","Active"
"9012089","Thonotosassa","33592,Florida,United States","21142","US","Postal Code","Active"
"9012090","Valrico","33594,Florida,United States","21142","US","Postal Code","Active"
"9012091","Valrico","33596,Florida,United States","21142","US","Postal Code","Active"
"9012092","Webster","33597,Florida,United States","21142","US","Postal Code","Active"
"9012093","Wimauma","33598,Florida,United States","21142","US","Postal Code","Active"
"9012121","Saint Petersburg","33701,Florida,United States","21142","US","Postal Code","Active"
"9012122","Saint Petersburg","33702,Florida,United States","21142","US","Postal Code","Active"
"9012123","Saint Petersburg","33703,Florida,United States","21142","US","Postal Code","Active"
"9012124","Saint Petersburg","33704,Florida,United States","21142","US","Postal Code","Active"
"9012125","Saint Petersburg","33705,Florida,United States","21142","US","Postal Code","Active"
"9012126","Saint Petersburg","33706,Florida,United States","21142","US","Postal Code","Active"
"9012127","Saint Petersburg","33707,Florida,United States","21142","US","Postal Code","Active"
"9012128","Saint Petersburg","33708,Florida,United States","21142","US","Postal Code","Active"
"9012129","Saint Petersburg","33709,Florida,United States","21142","US","Postal Code","Active"
"9012130","Saint Petersburg","33710,Florida,United States","21142","US","Postal Code","Active"
"9012131","Saint Petersburg","33711,Florida,United States","21142","US","Postal Code","Active"
"9012132","Saint Petersburg","33712,Florida,United States","21142","US","Postal Code","Active"
"9012133","Saint Petersburg","33713,Florida,United States","21142","US","Postal Code","Active"
"9012134","Saint Petersburg","33714,Florida,United States","21142","US","Postal Code","Active"
"9012135","Saint Petersburg","33715,Florida,United States","21142","US","Postal Code","Active"
"9012136","Saint Petersburg","33716,Florida,United States","21142","US","Postal Code","Active"
"9012137","Saint Petersburg","33730,Florida,United States","21142","US","Postal Code","Active"
"9012138","Clearwater","33755,Florida,United States","21142","US","Postal Code","Active"
"9012139","Clearwater","33756,Florida,United States","21142","US","Postal Code","Active"
"9012140","Clearwater","33759,Florida,United States","21142","US","Postal Code","Active"
"9012141","Clearwater","33760,Florida,United States","21142","US","Postal Code","Active"
"9012142","Clearwater","33761,Florida,United States","21142","US","Postal Code","Active"
"9012143","Clearwater","33762,Florida,United States","21142","US","Postal Code","Active"
"9012144","Clearwater","33763,Florida,United States","21142","US","Postal Code","Active"
"9012145","Clearwater","33764,Florida,United States","21142","US","Postal Code","Active"
"9012146","Clearwater","33765,Florida,United States","21142","US","Postal Code","Active"
"9012147","Clearwater Beach","33767,Florida,United States","21142","US","Postal Code","Active"
"9012148","Largo","33770,Florida,United States","21142","US","Postal Code","Active"
"9012149","Largo","33771,Florida,United States","21142","US","Postal Code","Active"
"9012150","Seminole","33772,Florida,United States","21142","US","Postal Code","Active"
"9012151","Largo","33773,Florida,United States","21142","US","Postal Code","Active"
"9012152","Largo","33774,Florida,United States","21142","US","Postal Code","Active"
"9012153","Seminole","33776,Florida,United States","21142","US","Postal Code","Active"
"9012154","Seminole","33777,Florida,United States","21142","US","Postal Code","Active"
"9012155","Largo","33778,Florida,United States","21142","US","Postal Code","Active"
"9012156","Pinellas Park","33781,Florida,United States","21142","US","Postal Code","Active"
"9012157","Pinellas Park","33782,Florida,United States","21142","US","Postal Code","Active"
"9012158","Indian Rocks Beach","33785,Florida,United States","21142","US","Postal Code","Active"
"9012159","Belleair Beach","33786,Florida,United States","21142","US","Postal Code","Active"
"9012160","Lakeland","33801,Florida,United States","21142","US","Postal Code","Active"
"9012161","Lakeland","33803,Florida,United States","21142","US","Postal Code","Active"
"9012162","Lakeland","33805,Florida,United States","21142","US","Postal Code","Active"
"9012163","Lakeland","33809,Florida,United States","21142","US","Postal Code","Active"
"9012164","Lakeland","33810,Florida,United States","21142","US","Postal Code","Active"
"9012165","Lakeland","33811,Florida,United States","21142","US","Postal Code","Active"
"9012166","Lakeland","33812,Florida,United States","21142","US","Postal Code","Active"
"9012167","Lakeland","33813,Florida,United States","21142","US","Postal Code","Active"
"9012168","Lakeland","33815,Florida,United States","21142","US","Postal Code","Active"
"9012169","Auburndale","33823,Florida,United States","21142","US","Postal Code","Active"
"9012171","Babson Park","33827,Florida,United States","21142","US","Postal Code","Active"
"9012172","Bartow","33830,Florida,United States","21142","US","Postal Code","Active"
"9012174","Davenport","33837,Florida,United States","21142","US","Postal Code","Active"
"9012175","Dundee","33838,Florida,United States","21142","US","Postal Code","Active"
"9012179","Haines City","33844,Florida,United States","21142","US","Postal Code","Active"
"9012180","Homeland","33847,Florida,United States","21142","US","Postal Code","Active"
"9012181","Intercession City","33848,Florida,United States","21142","US","Postal Code","Active"
"9012182","Kathleen","33849,Florida,United States","21142","US","Postal Code","Active"
"9012183","Lake Alfred","33850,Florida,United States","21142","US","Postal Code","Active"
"9012185","Lake Wales","33853,Florida,United States","21142","US","Postal Code","Active"
"9012186","Indian Lake Estates","33855,Florida,United States","21142","US","Postal Code","Active"
"9012188","Lake Wales","33859,Florida,United States","21142","US","Postal Code","Active"
"9012189","Mulberry","33860,Florida,United States","21142","US","Postal Code","Active"
"9012191","River Ranch","33867,Florida,United States","21142","US","Postal Code","Active"
"9012192","Polk City","33868,Florida,United States","21142","US","Postal Code","Active"
"9012198","Winter Haven","33880,Florida,United States","21142","US","Postal Code","Active"
"9012199","Winter Haven","33881,Florida,United States","21142","US","Postal Code","Active"
"9012200","Winter Haven","33884,Florida,United States","21142","US","Postal Code","Active"
"9012201","Winter Haven","33888,Florida,United States","21142","US","Postal Code","Active"
"9012202","Zolfo Springs","33890,Florida,United States","21142","US","Postal Code","Active"
"9012203","Davenport","33896,Florida,United States","21142","US","Postal Code","Active"
"9012204","Davenport","33897,Florida,United States","21142","US","Postal Code","Active"
"9012205","Lake Wales","33898,Florida,United States","21142","US","Postal Code","Active"
"9012289","Anna Maria","34216,Florida,United States","21142","US","Postal Code","Active"
"9012312","Terra Ceia","34250,Florida,United States","21142","US","Postal Code","Active"
"9012326","Belleview","34420,Florida,United States","21142","US","Postal Code","Active"
"9012327","Crystal River","34428,Florida,United States","21142","US","Postal Code","Active"
"9012328","Crystal River","34429,Florida,United States","21142","US","Postal Code","Active"
"9012329","Dunnellon","34431,Florida,United States","21142","US","Postal Code","Active"
"9012330","Dunnellon","34432,Florida,United States","21142","US","Postal Code","Active"
"9012331","Dunnellon","34433,Florida,United States","21142","US","Postal Code","Active"
"9012332","Dunnellon","34434,Florida,United States","21142","US","Postal Code","Active"
"9012333","Floral City","34436,Florida,United States","21142","US","Postal Code","Active"
"9012334","Hernando","34442,Florida,United States","21142","US","Postal Code","Active"
"9012335","Homosassa","34446,Florida,United States","21142","US","Postal Code","Active"
"9012336","Homosassa","34448,Florida,United States","21142","US","Postal Code","Active"
"9012337","Inglis","34449,Florida,United States","21142","US","Postal Code","Active"
"9012338","Inverness","34450,Florida,United States","21142","US","Postal Code","Active"
"9012340","Inverness","34452,Florida,United States","21142","US","Postal Code","Active"
"9012341","Lecanto","34461,Florida,United States","21142","US","Postal Code","Active"
"9012342","Beverly Hills","34465,Florida,United States","21142","US","Postal Code","Active"
"9012343","Ocala","34470,Florida,United States","21142","US","Postal Code","Active"
"9012344","Ocala","34471,Florida,United States","21142","US","Postal Code","Active"
"9012345","Ocala","34472,Florida,United States","21142","US","Postal Code","Active"
"9012346","Ocala","34473,Florida,United States","21142","US","Postal Code","Active"
"9012347","Ocala","34474,Florida,United States","21142","US","Postal Code","Active"
"9012348","Ocala","34475,Florida,United States","21142","US","Postal Code","Active"
"9012349","Ocala","34476,Florida,United States","21142","US","Postal Code","Active"
"9012350","Ocala","34478,Florida,United States","21142","US","Postal Code","Active"
"9012351","Ocala","34479,Florida,United States","21142","US","Postal Code","Active"
"9012352","Ocala","34480,Florida,United States","21142","US","Postal Code","Active"
"9012353","Ocala","34481,Florida,United States","21142","US","Postal Code","Active"
"9012354","Ocala","34482,Florida,United States","21142","US","Postal Code","Active"
"9012355","Oxford","34484,Florida,United States","21142","US","Postal Code","Active"
"9012356","Silver Springs","34488,Florida,United States","21142","US","Postal Code","Active"
"9012357","Summerfield","34491,Florida,United States","21142","US","Postal Code","Active"
"9012358","Yankeetown","34498,Florida,United States","21142","US","Postal Code","Active"
"9012376","Nobleton","34661,Florida,United States","21142","US","Postal Code","Active"
"9012380","Oldsmar","34677,Florida,United States","21142","US","Postal Code","Active"
"9012382","Crystal Beach","34681,Florida,United States","21142","US","Postal Code","Active"
"9012388","Holiday","34690,Florida,United States","21142","US","Postal Code","Active"
"9012389","Holiday","34691,Florida,United States","21142","US","Postal Code","Active"
"9012390","Safety Harbor","34695,Florida,United States","21142","US","Postal Code","Active"
"9012391","Dunedin","34698,Florida,United States","21142","US","Postal Code","Active"
"9012392","Astatula","34705,Florida,United States","21142","US","Postal Code","Active"
"9012393","Clermont","34711,Florida,United States","21142","US","Postal Code","Active"
"9012394","Clermont","34714,Florida,United States","21142","US","Postal Code","Active"
"9012395","Clermont","34715,Florida,United States","21142","US","Postal Code","Active"
"9012396","Fruitland Park","34731,Florida,United States","21142","US","Postal Code","Active"
"9012397","Gotha","34734,Florida,United States","21142","US","Postal Code","Active"
"9012398","Groveland","34736,Florida,United States","21142","US","Postal Code","Active"
"9012399","Howey In The Hills","34737,Florida,United States","21142","US","Postal Code","Active"
"9012400","Kenansville","34739,Florida,United States","21142","US","Postal Code","Active"
"9012401","Kissimmee","34741,Florida,United States","21142","US","Postal Code","Active"
"9012402","Kissimmee","34743,Florida,United States","21142","US","Postal Code","Active"
"9012403","Kissimmee","34744,Florida,United States","21142","US","Postal Code","Active"
"9012404","Kissimmee","34746,Florida,United States","21142","US","Postal Code","Active"
"9012405","Kissimmee","34747,Florida,United States","21142","US","Postal Code","Active"
"9012406","Leesburg","34748,Florida,United States","21142","US","Postal Code","Active"
"9012407","Mascotte","34753,Florida,United States","21142","US","Postal Code","Active"
"9012409","Montverde","34756,Florida,United States","21142","US","Postal Code","Active"
"9012410","Kissimmee","34758,Florida,United States","21142","US","Postal Code","Active"
"9012411","Kissimmee","34759,Florida,United States","21142","US","Postal Code","Active"
"9012412","Oakland","34760,Florida,United States","21142","US","Postal Code","Active"
"9012413","Ocoee","34761,Florida,United States","21142","US","Postal Code","Active"
"9012414","Okahumpka","34762,Florida,United States","21142","US","Postal Code","Active"
"9012415","Saint Cloud","34769,Florida,United States","21142","US","Postal Code","Active"
"9012416","Saint Cloud","34771,Florida,United States","21142","US","Postal Code","Active"
"9012417","Saint Cloud","34772,Florida,United States","21142","US","Postal Code","Active"
"9012418","Saint Cloud","34773,Florida,United States","21142","US","Postal Code","Active"
"9012419","Wildwood","34785,Florida,United States","21142","US","Postal Code","Active"
"9012420","Windermere","34786,Florida,United States","21142","US","Postal Code","Active"
"9012421","Winter Garden","34787,Florida,United States","21142","US","Postal Code","Active"
"9012422","Leesburg","34788,Florida,United States","21142","US","Postal Code","Active"
"9012423","Yalaha","34797,Florida,United States","21142","US","Postal Code","Active"
"9012434","Okeechobee","34972,Florida,United States","21142","US","Postal Code","Active"
"9012435","Okeechobee","34974,Florida,United States","21142","US","Postal Code","Active"
"9041340","Miami International Airport","Miami International Airport,Florida,United States","21142","US","Airport","Active"
"9041348","Naples Airport","Naples Airport,Florida,United States","21142","US","Airport","Active"
"9041375","Daytona Beach International Airport","Daytona Beach International Airport,Florida,United States","21142","US","Airport","Active"
"9041393","Fort Lauderdale-Hollywood International Airport","Fort Lauderdale-Hollywood International Airport,Florida,United States","21142","US","Airport","Active"
"9041394","Page Field","Page Field,Florida,United States","21142","US","Airport","Active"
"9041413","North Perry Airport","North Perry Airport,Florida,United States","21142","US","Airport","Active"
"9041422","Jacksonville International Airport","Jacksonville International Airport,Florida,United States","21142","US","Airport","Active"
"9041462","Palm Beach International Airport","Palm Beach International Airport,Florida,United States","21142","US","Airport","Active"
"9041467","St. PeteClearwater International Airport","St. PeteClearwater International Airport,Florida,United States","21142","US","Airport","Active"
"9041469","Pensacola International Airport","Pensacola International Airport,Florida,United States","21142","US","Airport","Active"
"9041470","Pompano Beach Airpark","Pompano Beach Airpark,Florida,United States","21142","US","Airport","Active"
"9041478","Southwest Florida International Airport","Southwest Florida International Airport,Florida,United States","21142","US","Airport","Active"
"9041494","Sarasota-Bradenton International Airport","Sarasota-Bradenton International Airport,Florida,United States","21142","US","Airport","Active"
"9041498","Witham Field","Witham Field,Florida,United States","21142","US","Airport","Active"
"9041501","Tallahassee International Airport","Tallahassee International Airport,Florida,United States","21142","US","Airport","Active"
"9041503","Tampa International Airport","Tampa International Airport,Florida,United States","21142","US","Airport","Active"
"9051513","Apollo Beach","Apollo Beach,Florida,United States","21142","US","City","Active"
"9051532","Aventura","Aventura,Florida,United States","21142","US","City","Active"
"9051536","Azalea Park","Azalea Park,Florida,United States","21142","US","City","Active"
"9051541","Bal Harbour","Bal Harbour,Florida,United States","21142","US","City","Active"
"9051554","Bay Lake","Bay Lake,Florida,United States","21142","US","City","Active"
"9051557","Bayonet Point","Bayonet Point,Florida,United States","21142","US","City","Active"
"9051559","Bayshore Gardens","Bayshore Gardens,Florida,United States","21142","US","City","Active"
"9051567","Bee Ridge","Bee Ridge,Florida,United States","21142","US","City","Active"
"9051573","Bellair-Meadowbrook Terrace","Bellair-Meadowbrook Terrace,Florida,United States","21142","US","City","Active"
"9051575","Belle Isle","Belle Isle,Florida,United States","21142","US","City","Active"
"9051582","Bellview","Bellview,Florida,United States","21142","US","City","Active"
"9051596","Beverly Hills","Beverly Hills,Florida,United States","21142","US","City","Active"
"9051599","Bithlo","Bithlo,Florida,United States","21142","US","City","Active"
"9051612","Boca Del Mar","Boca Del Mar,Florida,United States","21142","US","City","Active"
"9051634","Brent","Brent,Florida,United States","21142","US","City","Active"
"9051662","Buckingham","Buckingham,Florida,United States","21142","US","City","Active"
"9051663","Buena Ventura Lakes","Buena Ventura Lakes,Florida,United States","21142","US","City","Active"
"9051677","Callaway","Callaway,Florida,United States","21142","US","City","Active"
"9051692","Captiva","Captiva,Florida,United States","21142","US","City","Active"
"9051707","Celebration","Celebration,Florida,United States","21142","US","City","Active"
"9051726","Cheval","Cheval,Florida,United States","21142","US","City","Active"
"9051736","Citrus Park","Citrus Park,Florida,United States","21142","US","City","Active"
"9051737","Citrus Springs","Citrus Springs,Florida,United States","21142","US","City","Active"
"9051766","Cooper City","Cooper City,Florida,United States","21142","US","City","Active"
"9051770","Coral Terrace","Coral Terrace,Florida,United States","21142","US","City","Active"
"9051779","Country Club","Country Club,Florida,United States","21142","US","City","Active"
"9051798","Cutler Bay","Cutler Bay,Florida,United States","21142","US","City","Active"
"9051801","Cypress Gardens","Cypress Gardens,Florida,United States","21142","US","City","Active"
"9051802","Cypress Lake","Cypress Lake,Florida,United States","21142","US","City","Active"
"9051808","Davie","Davie,Florida,United States","21142","US","City","Active"
"9051811","Daytona Beach Shores","Daytona Beach Shores,Florida,United States","21142","US","City","Active"
"9051831","Desoto Lakes","Desoto Lakes,Florida,United States","21142","US","City","Active"
"9051838","Doctor Phillips","Doctor Phillips,Florida,United States","21142","US","City","Active"
"9051839","Doral","Doral,Florida,United States","21142","US","City","Active"
"9051848","Duck Key","Duck Key,Florida,United States","21142","US","City","Active"
"9051851","Dunnellon","Dunnellon,Florida,United States","21142","US","City","Active"
"9051871","East Lake","East Lake,Florida,United States","21142","US","City","Active"
"9051872","East Lake-Orient Park","East Lake-Orient Park,Florida,United States","21142","US","City","Active"
"9051897","Egypt Lake-Leto","Egypt Lake-Leto,Florida,United States","21142","US","City","Active"
"9051909","Ensley","Ensley,Florida,United States","21142","US","City","Active"
"9051930","Fairview Shores","Fairview Shores,Florida,United States","21142","US","City","Active"
"9051940","Feather Sound","Feather Sound,Florida,United States","21142","US","City","Active"
"9051944","Ferry Pass","Ferry Pass,Florida,United States","21142","US","City","Active"
"9051955","Florida City","Florida City,Florida,United States","21142","US","City","Active"
"9051961","Forest City","Forest City,Florida,United States","21142","US","City","Active"
"9051979","Fontainebleau","Fontainebleau,Florida,United States","21142","US","City","Active"
"9051981","Four Corners","Four Corners,Florida,United States","21142","US","City","Active"
"9051999","Fruit Cove","Fruit Cove,Florida,United States","21142","US","City","Active"
"9052001","Fruitville","Fruitville,Florida,United States","21142","US","City","Active"
"9052019","Gateway","Gateway,Florida,United States","21142","US","City","Active"
"9052029","Glenvar Heights","Glenvar Heights,Florida,United States","21142","US","City","Active"
"9052036","Golden Gate","Golden Gate,Florida,United States","21142","US","City","Active"
"9052040","Golf","Golf,Florida,United States","21142","US","City","Active"
"9052041","Gonzalez","Gonzalez,Florida,United States","21142","US","City","Active"
"9052054","Greater Carrollwood","Greater Carrollwood,Florida,United States","21142","US","City","Active"
"9052056","Greater Northdale","Greater Northdale,Florida,United States","21142","US","City","Active"
"9052080","Gulf Gate Estates","Gulf Gate Estates,Florida,United States","21142","US","City","Active"
"9052081","Gulfport","Gulfport,Florida,United States","21142","US","City","Active"
"9052094","Hamptons at Boca Raton","Hamptons at Boca Raton,Florida,United States","21142","US","City","Active"
"9052106","Harbour Heights","Harbour Heights,Florida,United States","21142","US","City","Active"
"9052117","Heathrow","Heathrow,Florida,United States","21142","US","City","Active"
"9052126","Hialeah Gardens","Hialeah Gardens,Florida,United States","21142","US","City","Active"
"9052146","Holly Hill","Holly Hill,Florida,United States","21142","US","City","Active"
"9052173","Hunters Creek","Hunters Creek,Florida,United States","21142","US","City","Active"
"9052180","Indian Harbour Beach","Indian Harbour Beach,Florida,United States","21142","US","City","Active"
"9052184","Interlachen","Interlachen,Florida,United States","21142","US","City","Active"
"9052185","Inverness Highlands South","Inverness Highlands South,Florida,United States","21142","US","City","Active"
"9052186","Iona","Iona,Florida,United States","21142","US","City","Active"
"9052193","Ives Estates","Ives Estates,Florida,United States","21142","US","City","Active"
"9052195","Jan Phyl Village","Jan Phyl Village,Florida,United States","21142","US","City","Active"
"9052197","Jasmine Estates","Jasmine Estates,Florida,United States","21142","US","City","Active"
"9052212","Juno Beach","Juno Beach,Florida,United States","21142","US","City","Active"
"9052216","Kathleen","Kathleen,Florida,United States","21142","US","City","Active"
"9052219","Kendale Lakes","Kendale Lakes,Florida,United States","21142","US","City","Active"
"9052220","Kendall","Kendall,Florida,United States","21142","US","City","Active"
"9052221","Kendall West","Kendall West,Florida,United States","21142","US","City","Active"
"9052233","Keystone","Keystone,Florida,United States","21142","US","City","Active"
"9052237","Kings Point","Kings Point,Florida,United States","21142","US","City","Active"
"9052258","Laguna Beach","Laguna Beach,Florida,United States","21142","US","City","Active"
"9052265","Lake Hart","Lake Hart,Florida,United States","21142","US","City","Active"
"9052266","Lake Lorraine","Lake Lorraine,Florida,United States","21142","US","City","Active"
"9052267","Lake Magdalene","Lake Magdalene,Florida,United States","21142","US","City","Active"
"9052277","Lakeland Highlands","Lakeland Highlands,Florida,United States","21142","US","City","Active"
"9052281","Lakeside","Lakeside,Florida,United States","21142","US","City","Active"
"9052285","Lakewood Park","Lakewood Park,Florida,United States","21142","US","City","Active"
"9052292","Lantana","Lantana,Florida,United States","21142","US","City","Active"
"9052294","Lauderdale Lakes","Lauderdale Lakes,Florida,United States","21142","US","City","Active"
"9052295","Lauderdale-by-the-Sea","Lauderdale-by-the-Sea,Florida,United States","21142","US","City","Active"
"9052296","Lauderhill","Lauderhill,Florida,United States","21142","US","City","Active"
"9052297","Laurel","Laurel,Florida,United States","21142","US","City","Active"
"9052312","Leisure City","Leisure City,Florida,United States","21142","US","City","Active"
"9052313","Lely Resort","Lely Resort,Florida,United States","21142","US","City","Active"
"9052319","Lighthouse Point","Lighthouse Point,Florida,United States","21142","US","City","Active"
"9052340","Lockhart","Lockhart,Florida,United States","21142","US","City","Active"
"9052351","Loughman","Loughman,Florida,United States","21142","US","City","Active"
"9052355","Lower Grand Lagoon","Lower Grand Lagoon,Florida,United States","21142","US","City","Active"
"9052367","Madeira Beach","Madeira Beach,Florida,United States","21142","US","City","Active"
"9052379","Mango","Mango,Florida,United States","21142","US","City","Active"
"9052410","Meadow Woods","Meadow Woods,Florida,United States","21142","US","City","Active"
"9052415","Medley","Medley,Florida,United States","21142","US","City","Active"
"9052417","Melbourne Beach","Melbourne Beach,Florida,United States","21142","US","City","Active"
"9052452","Miramar","Miramar,Florida,United States","21142","US","City","Active"
"9052453","Miramar Beach","Miramar Beach,Florida,United States","21142","US","City","Active"
"9052455","Mission Bay","Mission Bay,Florida,United States","21142","US","City","Active"
"9052488","Mount Plymouth","Mount Plymouth,Florida,United States","21142","US","City","Active"
"9052500","Myrtle Grove","Myrtle Grove,Florida,United States","21142","US","City","Active"
"9052503","Naranja","Naranja,Florida,United States","21142","US","City","Active"
"9052516","New Port Richey East","New Port Richey East,Florida,United States","21142","US","City","Active"
"9052531","North Bay Village","North Bay Village,Florida,United States","21142","US","City","Active"
"9052544","North Lauderdale","North Lauderdale,Florida,United States","21142","US","City","Active"
"9052548","North Naples","North Naples,Florida,United States","21142","US","City","Active"
"9052553","North Redington Beach","North Redington Beach,Florida,United States","21142","US","City","Active"
"9052554","North Sarasota","North Sarasota,Florida,United States","21142","US","City","Active"
"9052563","North Weeki Wachee","North Weeki Wachee,Florida,United States","21142","US","City","Active"
"9052580","Oak Ridge","Oak Ridge,Florida,United States","21142","US","City","Active"
"9052586","Oakland Park","Oakland Park,Florida,United States","21142","US","City","Active"
"9052593","Okaloosa Island","Okaloosa Island,Florida,United States","21142","US","City","Active"
"9052603","Orangetree","Orangetree,Florida,United States","21142","US","City","Active"
"9052622","Pace","Pace,Florida,United States","21142","US","City","Active"
"9052625","Palm Beach Gardens","Palm Beach Gardens,Florida,United States","21142","US","City","Active"
"9052626","Palm Beach Shores","Palm Beach Shores,Florida,United States","21142","US","City","Active"
"9052627","Palm River-Clair Mel","Palm River-Clair Mel,Florida,United States","21142","US","City","Active"
"9052628","Palm Springs","Palm Springs,Florida,United States","21142","US","City","Active"
"9052629","Palm Valley","Palm Valley,Florida,United States","21142","US","City","Active"
"9052632","Palmetto Bay","Palmetto Bay,Florida,United States","21142","US","City","Active"
"9052633","Palmetto Estates","Palmetto Estates,Florida,United States","21142","US","City","Active"
"9052641","Parkland","Parkland,Florida,United States","21142","US","City","Active"
"9052659","Pensacola Beach","Pensacola Beach,Florida,United States","21142","US","City","Active"
"9052662","Perdido Key","Perdido Key,Florida,United States","21142","US","City","Active"
"9052671","Pine Hills","Pine Hills,Florida,United States","21142","US","City","Active"
"9052673","Pine Ridge","Pine Ridge,Florida,United States","21142","US","City","Active"
"9052674","Pinecrest","Pinecrest,Florida,United States","21142","US","City","Active"
"9052682","Plantation","Plantation,Florida,United States","21142","US","City","Active"
"9052694","Poinciana","Poinciana,Florida,United States","21142","US","City","Active"
"9052703","Port Saint John","Port Saint John,Florida,United States","21142","US","City","Active"
"9052715","Princeton","Princeton,Florida,United States","21142","US","City","Active"
"9052746","Richmond West","Richmond West,Florida,United States","21142","US","City","Active"
"9052747","Ridge Manor","Ridge Manor,Florida,United States","21142","US","City","Active"
"9052756","Riviera Beach","Riviera Beach,Florida,United States","21142","US","City","Active"
"9052777","Rotonda West","Rotonda West,Florida,United States","21142","US","City","Active"
"9052787","Ruskin","Ruskin,Florida,United States","21142","US","City","Active"
"9052796","Samoset","Samoset,Florida,United States","21142","US","City","Active"
"9052797","San Carlos Park","San Carlos Park,Florida,United States","21142","US","City","Active"
"9052800","Sandalfoot Cove","Sandalfoot Cove,Florida,United States","21142","US","City","Active"
"9052808","Sarasota Springs","Sarasota Springs,Florida,United States","21142","US","City","Active"
"9052827","Shady Hills","Shady Hills,Florida,United States","21142","US","City","Active"
"9052849","Siesta Key","Siesta Key,Florida,United States","21142","US","City","Active"
"9052851","Silver Springs Shores","Silver Springs Shores,Florida,United States","21142","US","City","Active"
"9052856","Sky Lake","Sky Lake,Florida,United States","21142","US","City","Active"
"9052866","South Bradenton","South Bradenton,Florida,United States","21142","US","City","Active"
"9052886","South Venice","South Venice,Florida,United States","21142","US","City","Active"
"9052891","Southchase","Southchase,Florida,United States","21142","US","City","Active"
"9052909","St. Augustine Beach","St. Augustine Beach,Florida,United States","21142","US","City","Active"
"9052910","Saint Augustine Shores","Saint Augustine Shores,Florida,United States","21142","US","City","Active"
"9052922","St. Pete Beach","St. Pete Beach,Florida,United States","21142","US","City","Active"
"9052934","Sugarmill Woods","Sugarmill Woods,Florida,United States","21142","US","City","Active"
"9052938","Sun City Center","Sun City Center,Florida,United States","21142","US","City","Active"
"9052940","Sunny Isles Beach","Sunny Isles Beach,Florida,United States","21142","US","City","Active"
"9052942","Sunrise","Sunrise,Florida,United States","21142","US","City","Active"
"9052944","Sunset","Sunset,Florida,United States","21142","US","City","Active"
"9052949","Surfside","Surfside,Florida,United States","21142","US","City","Active"
"9052957","Tamarac","Tamarac,Florida,United States","21142","US","City","Active"
"9052958","Tamiami","Tamiami,Florida,United States","21142","US","City","Active"
"9052965","Temple Terrace","Temple Terrace,Florida,United States","21142","US","City","Active"
"9052966","Tequesta","Tequesta,Florida,United States","21142","US","City","Active"
"9052972","The Hammocks","The Hammocks,Florida,United States","21142","US","City","Active"
"9052973","The Meadows","The Meadows,Florida,United States","21142","US","City","Active"
"9052975","The Villages","The Villages,Florida,United States","21142","US","City","Active"
"9052981","Three Lakes","Three Lakes,Florida,United States","21142","US","City","Active"
"9052982","Three Oaks","Three Oaks,Florida,United States","21142","US","City","Active"
"9052998","Town 'n' Country","Town 'n' Country,Florida,United States","21142","US","City","Active"
"9053004","Treasure Island","Treasure Island,Florida,United States","21142","US","City","Active"
"9053005","Trinity","Trinity,Florida,United States","21142","US","City","Active"
"9053016","Tyndall Air Force Base","Tyndall Air Force Base,Florida,United States","21142","US","City","Active"
"9053019","Umatilla","Umatilla,Florida,United States","21142","US","City","Active"
"9053023","Union Park","Union Park,Florida,United States","21142","US","City","Active"
"9053025","University","University,Florida,United States","21142","US","City","Active"
"9053030","University Park","University Park,Florida,United States","21142","US","City","Active"
"9053034","Upper Grand Lagoon","Upper Grand Lagoon,Florida,United States","21142","US","City","Active"
"9053043","Vamo","Vamo,Florida,United States","21142","US","City","Active"
"9053055","Villas","Villas,Florida,United States","21142","US","City","Active"
"9053057","Vineyards","Vineyards,Florida,United States","21142","US","City","Active"
"9053081","Warrington","Warrington,Florida,United States","21142","US","City","Active"
"9053092","Wedgefield","Wedgefield,Florida,United States","21142","US","City","Active"
"9053094","Wekiwa Springs","Wekiwa Springs,Florida,United States","21142","US","City","Active"
"9053097","Wellington","Wellington,Florida,United States","21142","US","City","Active"
"9053100","Wesley Chapel","Wesley Chapel,Florida,United States","21142","US","City","Active"
"9053101","Wesley Chapel South","Wesley Chapel South,Florida,United States","21142","US","City","Active"
"9053117","West Little River","West Little River,Florida,United States","21142","US","City","Active"
"9053118","West Melbourne","West Melbourne,Florida,United States","21142","US","City","Active"
"9053121","West Pensacola","West Pensacola,Florida,United States","21142","US","City","Active"
"9053135","Westchase","Westchase,Florida,United States","21142","US","City","Active"
"9053144","Westview","Westview,Florida,United States","21142","US","City","Active"
"9053147","Whisper Walk","Whisper Walk,Florida,United States","21142","US","City","Active"
"9053159","Whitfield","Whitfield,Florida,United States","21142","US","City","Active"
"9053165","Williamsburg","Williamsburg,Florida,United States","21142","US","City","Active"
"9053168","Willow Oak","Willow Oak,Florida,United States","21142","US","City","Active"
"9053177","Wilton Manors","Wilton Manors,Florida,United States","21142","US","City","Active"
"9053213","Wright","Wright,Florida,United States","21142","US","City","Active"
"9053230","Zephyrhills West","Zephyrhills West,Florida,United States","21142","US","City","Active"
"9054494","Bay Pines","33744,Florida,United States","21142","US","Postal Code","Active"
"9054495","Sun City","33586,Florida,United States","21142","US","Postal Code","Active"
"9054501","Highland City","33846,Florida,United States","21142","US","Postal Code","Active"
"9054502","Nalcrest","33856,Florida,United States","21142","US","Postal Code","Active"
"9054503","Melbourne","32919,Florida,United States","21142","US","Postal Code","Active"
"9054504","Roseland","32957,Florida,United States","21142","US","Postal Code","Active"
"9054510","Ferndale","34729,Florida,United States","21142","US","Postal Code","Active"
"9054511","Eastlake Weir","32133,Florida,United States","21142","US","Postal Code","Active"
"9054512","Inverness","34453,Florida,United States","21142","US","Postal Code","Active"
"9054514","Otter Creek","32683,Florida,United States","21142","US","Postal Code","Active"
"9057249","Alachua County","Alachua County,Florida,United States","21142","US","County","Active"
"9057250","Baker County","Baker County,Florida,United States","21142","US","County","Active"
"9057251","Bay County","Bay County,Florida,United States","21142","US","County","Active"
"9057252","Bradford County","Bradford County,Florida,United States","21142","US","County","Active"
"9057253","Calhoun County","Calhoun County,Florida,United States","21142","US","County","Active"
"9057254","Charlotte County","Charlotte County,Florida,United States","21142","US","County","Active"
"9057255","Clay County","Clay County,Florida,United States","21142","US","County","Active"
"9057256","Collier County","Collier County,Florida,United States","21142","US","County","Active"
"9057257","Columbia County","Columbia County,Florida,United States","21142","US","County","Active"
"9057258","DeSoto County","DeSoto County,Florida,United States","21142","US","County","Active"
"9057259","Dixie County","Dixie County,Florida,United States","21142","US","County","Active"
"9057260","Duval County","Duval County,Florida,United States","21142","US","County","Active"
"9057261","Escambia County","Escambia County,Florida,United States","21142","US","County","Active"
"9057262","Flagler County","Flagler County,Florida,United States","21142","US","County","Active"
"9057263","Franklin County","Franklin County,Florida,United States","21142","US","County","Active"
"9057264","Gadsden County","Gadsden County,Florida,United States","21142","US","County","Active"
"9057265","Gilchrist County","Gilchrist County,Florida,United States","21142","US","County","Active"
"9057266","Glades County","Glades County,Florida,United States","21142","US","County","Active"
"9057267","Gulf County","Gulf County,Florida,United States","21142","US","County","Active"
"9057268","Hamilton County","Hamilton County,Florida,United States","21142","US","County","Active"
"9057269","Hardee County","Hardee County,Florida,United States","21142","US","County","Active"
"9057270","Hendry County","Hendry County,Florida,United States","21142","US","County","Active"
"9057271","Hernando County","Hernando County,Florida,United States","21142","US","County","Active"
"9057272","Highlands County","Highlands County,Florida,United States","21142","US","County","Active"
"9057273","Hillsborough County","Hillsborough County,Florida,United States","21142","US","County","Active"
"9057274","Holmes County","Holmes County,Florida,United States","21142","US","County","Active"
"9057275","Indian River County","Indian River County,Florida,United States","21142","US","County","Active"
"9057276","Jefferson County","Jefferson County,Florida,United States","21142","US","County","Active"
"9057277","Lafayette County","Lafayette County,Florida,United States","21142","US","County","Active"
"9057278","Lake County","Lake County,Florida,United States","21142","US","County","Active"
"9057279","Lee County","Lee County,Florida,United States","21142","US","County","Active"
"9057280","Levy County","Levy County,Florida,United States","21142","US","County","Active"
"9057281","Liberty County","Liberty County,Florida,United States","21142","US","County","Active"
"9057282","Madison County","Madison County,Florida,United States","21142","US","County","Active"
"9057283","Manatee County","Manatee County,Florida,United States","21142","US","County","Active"
"9057284","Marion County","Marion County,Florida,United States","21142","US","County","Active"
"9057285","Martin County","Martin County,Florida,United States","21142","US","County","Active"
"9057286","Miami-Dade County","Miami-Dade County,Florida,United States","21142","US","County","Active"
"9057287","Monroe County","Monroe County,Florida,United States","21142","US","County","Active"
"9057288","Nassau County","Nassau County,Florida,United States","21142","US","County","Active"
"9057289","Okaloosa County","Okaloosa County,Florida,United States","21142","US","County","Active"
"9057290","Okeechobee County","Okeechobee County,Florida,United States","21142","US","County","Active"
"9057291","Orange County","Orange County,Florida,United States","21142","US","County","Active"
"9057292","Osceola County","Osceola County,Florida,United States","21142","US","County","Active"
"9057293","Palm Beach County","Palm Beach County,Florida,United States","21142","US","County","Active"
"9057294","Pasco County","Pasco County,Florida,United States","21142","US","County","Active"
"9057295","Pinellas County","Pinellas County,Florida,United States","21142","US","County","Active"
"9057296","Polk County","Polk County,Florida,United States","21142","US","County","Active"
"9057297","Putnam County","Putnam County,Florida,United States","21142","US","County","Active"
"9057298","Santa Rosa County","Santa Rosa County,Florida,United States","21142","US","County","Active"
"9057299","Sarasota County","Sarasota County,Florida,United States","21142","US","County","Active"
"9057300","Seminole County","Seminole County,Florida,United States","21142","US","County","Active"
"9057301","St. Johns County","St. Johns County,Florida,United States","21142","US","County","Active"
"9057302","St. Lucie County","St. Lucie County,Florida,United States","21142","US","County","Active"
"9057303","Sumter County","Sumter County,Florida,United States","21142","US","County","Active"
"9057304","Suwannee County","Suwannee County,Florida,United States","21142","US","County","Active"
"9057305","Taylor County","Taylor County,Florida,United States","21142","US","County","Active"
"9057306","Union County","Union County,Florida,United States","21142","US","County","Active"
"9057307","Volusia County","Volusia County,Florida,United States","21142","US","County","Active"
"9057308","Wakulla County","Wakulla County,Florida,United States","21142","US","County","Active"
"9057309","Walton County","Walton County,Florida,United States","21142","US","County","Active"
"9057310","Washington County","Washington County,Florida,United States","21142","US","County","Active"
"9059978","Orlando International Airport","Orlando International Airport,Florida,United States","21142","US","Airport","Active"
"9060004","Miami Dade College - North Campus","Miami Dade College - North Campus,Florida,United States","21142","US","University","Active"
"9060005","University of Central Florida","University of Central Florida,Florida,United States","21142","US","University","Active"
"9060018","Florida State University","Florida State University,Florida,United States","21142","US","University","Active"
"9060020","University of South Florida","University of South Florida,Florida,United States","21142","US","University","Active"
"9060057","Nova Southeastern University","Nova Southeastern University,Florida,United States","21142","US","University","Active"
"9060280","Winkler","Winkler,Florida,United States","21142","US","Neighborhood","Active"
"9060307","Southbank","Southbank,Florida,United States","21142","US","Neighborhood","Active"
"9060308","Hogan's Creek","Hogan's Creek,Florida,United States","21142","US","Neighborhood","Active"
"9060309","Riverside","Riverside,Florida,United States","21142","US","Neighborhood","Active"
"9060310","San Marco","San Marco,Florida,United States","21142","US","Neighborhood","Active"
"9060311","Brooklyn","Brooklyn,Florida,United States","21142","US","Neighborhood","Active"
"9060312","Avenues","Avenues,Florida,United States","21142","US","Neighborhood","Active"
"9060329","Brickell","Brickell,Florida,United States","21142","US","Neighborhood","Active"
"9060345","Lake Park","Lake Park,Florida,United States","21142","US","Neighborhood","Active"
"9060346","Old Naples","Old Naples,Florida,United States","21142","US","Neighborhood","Active"
"9060368","Central Business District","Central Business District,Florida,United States","21142","US","Neighborhood","Active"
"9060369","South Orange","South Orange,Florida,United States","21142","US","Neighborhood","Active"
"9060370","Lake Eola Heights","Lake Eola Heights,Florida,United States","21142","US","Neighborhood","Active"
"9060371","Colonialtown South","Colonialtown South,Florida,United States","21142","US","Neighborhood","Active"
"9060372","North Orange","North Orange,Florida,United States","21142","US","Neighborhood","Active"
"9060422","Historic Uptown","Historic Uptown,Florida,United States","21142","US","Neighborhood","Active"
"9060425","Palma Ceia West","Palma Ceia West,Florida,United States","21142","US","Neighborhood","Active"
"9060433","Poinciana Park","Poinciana Park,Florida,United States","21142","US","Neighborhood","Active"
"9060434","Victoria Park","Victoria Park,Florida,United States","21142","US","Neighborhood","Active"
"9060435","Harbordale","Harbordale,Florida,United States","21142","US","Neighborhood","Active"
"9060436","Coral Ridge Country Club","Coral Ridge Country Club,Florida,United States","21142","US","Neighborhood","Active"
"9060516","University Heights","University Heights,Florida,United States","21142","US","Neighborhood","Active"
"9060523","Parkside","Parkside,Florida,United States","21142","US","Neighborhood","Active"
"9060524","Royal Poinciana","Royal Poinciana,Florida,United States","21142","US","Neighborhood","Active"
"9060525","Washington Park","Washington Park,Florida,United States","21142","US","Neighborhood","Active"
"9060541","Downtown","Downtown,Florida,United States","21142","US","Neighborhood","Active"
"9060542","South Lake Morton Historic District","South Lake Morton Historic District,Florida,United States","21142","US","Neighborhood","Active"
"9060554","City Center","City Center,Florida,United States","21142","US","Neighborhood","Active"
"9060578","Saint Lucie West","Saint Lucie West,Florida,United States","21142","US","Neighborhood","Active"
"9060621","Midtown","Midtown,Florida,United States","21142","US","Neighborhood","Active"
"9060622","Lafayette Park","Lafayette Park,Florida,United States","21142","US","Neighborhood","Active"
"9061310","Allapattah","Allapattah,Florida,United States","21142","US","Neighborhood","Active"
"9061311","Coral Way","Coral Way,Florida,United States","21142","US","Neighborhood","Active"

"9061314","Flagami","Flagami,Florida,United States","21142","US","Neighborhood","Active"
"9061315","Little Haiti","Little Haiti,Florida,United States","21142","US","Neighborhood","Active"
"9061316","Overtown","Overtown,Florida,United States","21142","US","Neighborhood","Active"
"9061317","Upper East Side","Upper East Side,Florida,United States","21142","US","Neighborhood","Active"
"9061318","Venetian Islands","Venetian Islands,Florida,United States","21142","US","Neighborhood","Active"
"9061319","Wynwood","Wynwood,Florida,United States","21142","US","Neighborhood","Active"
"9069336","Biscayne National Park","Biscayne National Park,Florida,United States","21142","US","National Park","Active"
"9069348","Dry Tortugas National Park","Dry Tortugas National Park,Florida,United States","21142","US","National Park","Active"
"9069349","Everglades National Park","Everglades National Park,Florida,United States","21142","US","National Park","Active"
"9073467","South Beach","South Beach,Florida,United States","21142","US","Neighborhood","Active"
"9073468","Grant-Valkaria","Grant-Valkaria,Florida,United States","21142","US","City","Active"
