"1021994","Absecon","Absecon,New Jersey,United States","21164","US","City","Active"
"1021996","Allamuchy Township","Allamuchy Township,New Jersey,United States","21164","US","City","Active"
"1021997","Allendale","Allendale,New Jersey,United States","21164","US","City","Active"
"1021998","Allenhurst","Allenhurst,New Jersey,United States","21164","US","City","Active"
"1021999","Allentown","Allentown,New Jersey,United States","21164","US","City","Active"
"1022000","Allenwood","Allenwood,New Jersey,United States","21164","US","Neighborhood","Active"
"1022001","Alloway","Alloway,New Jersey,United States","21164","US","Neighborhood","Active"
"1022002","Alpine","Alpine,New Jersey,United States","21164","US","City","Active"
"1022003","Andover","Andover,New Jersey,United States","21164","US","City","Active"
"1022004","Annandale","Annandale,New Jersey,United States","21164","US","Neighborhood","Active"
"1022005","Asbury","Asbury,New Jersey,United States","21164","US","City","Active"
"1022006","Asbury Park","Asbury Park,New Jersey,United States","21164","US","City","Active"
"1022007","Atco","Atco,New Jersey,United States","21164","US","City","Active"
"1022009","Atlantic Highlands","Atlantic Highlands,New Jersey,United States","21164","US","City","Active"
"1022010","Audubon","Audubon,New Jersey,United States","21164","US","City","Active"
"1022011","Augusta","Augusta,New Jersey,United States","21164","US","Neighborhood","Active"
"1022012","Avalon","Avalon,New Jersey,United States","21164","US","City","Active"
"1022013","Avenel","Avenel,New Jersey,United States","21164","US","Neighborhood","Active"
"1022014","Avon-by-the-Sea","Avon-by-the-Sea,New Jersey,United States","21164","US","City","Active"
"1022015","Barnegat","Barnegat,New Jersey,United States","21164","US","Neighborhood","Active"
"1022016","Barrington","Barrington,New Jersey,United States","21164","US","City","Active"
"1022017","Basking Ridge","Basking Ridge,New Jersey,United States","21164","US","Neighborhood","Active"
"1022018","Bayonne","Bayonne,New Jersey,United States","21164","US","City","Active"
"1022019","Bayville","Bayville,New Jersey,United States","21164","US","Neighborhood","Active"
"1022020","Beach Haven","Beach Haven,New Jersey,United States","21164","US","City","Active"
"1022021","Beachwood","Beachwood,New Jersey,United States","21164","US","City","Active"
"1022022","Bedminster","Bedminster,New Jersey,United States","21164","US","City","Active"
"1022023","Belford","Belford,New Jersey,United States","21164","US","Neighborhood","Active"
"1022024","Belle Mead","Belle Mead,New Jersey,United States","21164","US","Neighborhood","Active"
"1022025","Belleville","Belleville,New Jersey,United States","21164","US","City","Active"
"1022028","Belvidere","Belvidere,New Jersey,United States","21164","US","City","Active"
"1022029","Bergenfield","Bergenfield,New Jersey,United States","21164","US","City","Active"
"1022030","Berkeley Heights","Berkeley Heights,New Jersey,United States","21164","US","City","Active"
"1022031","Berlin","Berlin,New Jersey,United States","21164","US","City","Active"
"1022032","Bernardsville","Bernardsville,New Jersey,United States","21164","US","City","Active"
"1022033","Beverly","Beverly,New Jersey,United States","21164","US","City","Active"
"1022035","Blackwood","Blackwood,New Jersey,United States","21164","US","Neighborhood","Active"
"1022036","Blairstown","Blairstown,New Jersey,United States","21164","US","City","Active"
"1022037","Bloomfield","Bloomfield,New Jersey,United States","21164","US","City","Active"
"1022038","Bloomingdale","Bloomingdale,New Jersey,United States","21164","US","City","Active"
"1022039","Bloomsbury","Bloomsbury,New Jersey,United States","21164","US","City","Active"
"1022040","Bogota","Bogota,New Jersey,United States","21164","US","City","Active"
"1022041","Boonton","Boonton,New Jersey,United States","21164","US","City","Active"
"1022042","Bordentown","Bordentown,New Jersey,United States","21164","US","City","Active"
"1022043","Bound Brook","Bound Brook,New Jersey,United States","21164","US","City","Active"
"1022044","Bradley Beach","Bradley Beach,New Jersey,United States","21164","US","City","Active"
"1022045","Branchville","Branchville,New Jersey,United States","21164","US","City","Active"
"1022046","Brick Township","Brick Township,New Jersey,United States","21164","US","City","Active"
"1022047","Bridgeport","Bridgeport,New Jersey,United States","21164","US","Neighborhood","Active"
"1022048","Bridgeton","Bridgeton,New Jersey,United States","21164","US","City","Active"
"1022049","Bridgewater Township","Bridgewater Township,New Jersey,United States","21164","US","City","Active"
"1022050","Brielle","Brielle,New Jersey,United States","21164","US","City","Active"
"1022051","Brigantine","Brigantine,New Jersey,United States","21164","US","City","Active"
"1022053","Browns Mills","Browns Mills,New Jersey,United States","21164","US","Neighborhood","Active"
"1022054","Budd Lake","Budd Lake,New Jersey,United States","21164","US","Neighborhood","Active"
"1022055","Buena","Buena,New Jersey,United States","21164","US","City","Active"
"1022056","Burlington","Burlington,New Jersey,United States","21164","US","City","Active"
"1022057","Butler","Butler,New Jersey,United States","21164","US","City","Active"
"1022058","White","White,New Jersey,United States","21164","US","City","Active"
"1022060","Califon","Califon,New Jersey,United States","21164","US","City","Active"
"1022062","Cape May","Cape May,New Jersey,United States","21164","US","City","Active"
"1022063","Cape May Court House","Cape May Court House,New Jersey,United States","21164","US","Neighborhood","Active"
"1022064","Carlstadt","Carlstadt,New Jersey,United States","21164","US","City","Active"
"1022065","Carteret","Carteret,New Jersey,United States","21164","US","City","Active"
"1022066","Cedar Grove","Cedar Grove,New Jersey,United States","21164","US","City","Active"
"1022067","Cedar Knolls","Cedar Knolls,New Jersey,United States","21164","US","Neighborhood","Active"
"1022068","Cedarville","Cedarville,New Jersey,United States","21164","US","Neighborhood","Active"
"1022069","Chatham","Chatham,New Jersey,United States","21164","US","City","Active"
"1022070","Cherry Hill","Cherry Hill,New Jersey,United States","21164","US","City","Active"
"1022071","Chester","Chester,New Jersey,United States","21164","US","City","Active"
"1022072","Clark","Clark,New Jersey,United States","21164","US","City","Active"
"1022073","Clarksboro","Clarksboro,New Jersey,United States","21164","US","City","Active"
"1022074","Clarksburg","Clarksburg,New Jersey,United States","21164","US","Neighborhood","Active"
"1022075","Clayton","Clayton,New Jersey,United States","21164","US","City","Active"
"1022076","Clementon","Clementon,New Jersey,United States","21164","US","City","Active"
"1022077","Cliffside Park","Cliffside Park,New Jersey,United States","21164","US","City","Active"
"1022078","Cliffwood","Cliffwood,New Jersey,United States","21164","US","Neighborhood","Active"
"1022080","Clinton","Clinton,New Jersey,United States","21164","US","City","Active"
"1022081","Closter","Closter,New Jersey,United States","21164","US","City","Active"
"1022082","Collingswood","Collingswood,New Jersey,United States","21164","US","City","Active"
"1022083","Colonia","Colonia,New Jersey,United States","21164","US","Neighborhood","Active"
"1022084","Colts Neck","Colts Neck,New Jersey,United States","21164","US","City","Active"
"1022085","Columbia","Columbia,New Jersey,United States","21164","US","City","Active"
"1022086","Columbus","Columbus,New Jersey,United States","21164","US","Neighborhood","Active"
"1022087","Cranbury","Cranbury,New Jersey,United States","21164","US","Neighborhood","Active"
"1022088","Cranford","Cranford,New Jersey,United States","21164","US","City","Active"
"1022089","Cream Ridge","Cream Ridge,New Jersey,United States","21164","US","Neighborhood","Active"
"1022090","Cresskill","Cresskill,New Jersey,United States","21164","US","City","Active"
"1022091","Crosswicks","Crosswicks,New Jersey,United States","21164","US","Neighborhood","Active"
"1022092","Dayton","Dayton,New Jersey,United States","21164","US","Neighborhood","Active"
"1022093","Deal","Deal,New Jersey,United States","21164","US","City","Active"
"1022094","Demarest","Demarest,New Jersey,United States","21164","US","City","Active"
"1022095","Denville","Denville,New Jersey,United States","21164","US","City","Active"
"1022097","Dumont","Dumont,New Jersey,United States","21164","US","City","Active"
"1022098","Dunellen","Dunellen,New Jersey,United States","21164","US","City","Active"
"1022099","East Brunswick","East Brunswick,New Jersey,United States","21164","US","City","Active"
"1022100","East Hanover","East Hanover,New Jersey,United States","21164","US","City","Active"
"1022102","East Rutherford","East Rutherford,New Jersey,United States","21164","US","City","Active"
"1022104","Edgewater","Edgewater,New Jersey,United States","21164","US","City","Active"
"1022106","Egg Harbor City","Egg Harbor City,New Jersey,United States","21164","US","City","Active"
"1022107","Egg Harbor Township","Egg Harbor Township,New Jersey,United States","21164","US","City","Active"
"1022109","Elmer","Elmer,New Jersey,United States","21164","US","City","Active"
"1022110","Elmwood Park","Elmwood Park,New Jersey,United States","21164","US","City","Active"
"1022111","Elwood","Elwood,New Jersey,United States","21164","US","Neighborhood","Active"
"1022112","Emerson","Emerson,New Jersey,United States","21164","US","City","Active"
"1022113","Englewood","Englewood,New Jersey,United States","21164","US","City","Active"
"1022114","Englewood Cliffs","Englewood Cliffs,New Jersey,United States","21164","US","City","Active"
"1022115","Englishtown","Englishtown,New Jersey,United States","21164","US","City","Active"
"1022116","Essex Fells","Essex Fells,New Jersey,United States","21164","US","City","Active"
"1022117","Estell Manor","Estell Manor,New Jersey,United States","21164","US","City","Active"
"1022118","Fair Haven","Fair Haven,New Jersey,United States","21164","US","City","Active"
"1022119","Fair Lawn","Fair Lawn,New Jersey,United States","21164","US","City","Active"
"1022120","Fairfield","Fairfield,New Jersey,United States","21164","US","City","Active"
"1022121","Fairview","Fairview,New Jersey,United States","21164","US","City","Active"
"1022122","Fanwood","Fanwood,New Jersey,United States","21164","US","City","Active"
"1022123","Far Hills","Far Hills,New Jersey,United States","21164","US","City","Active"
"1022124","Farmingdale","Farmingdale,New Jersey,United States","21164","US","City","Active"
"1022125","Flanders","Flanders,New Jersey,United States","21164","US","Neighborhood","Active"
"1022126","Flemington","Flemington,New Jersey,United States","21164","US","City","Active"
"1022127","Florence Township","Florence Township,New Jersey,United States","21164","US","City","Active"
"1022128","Florham Park","Florham Park,New Jersey,United States","21164","US","City","Active"
"1022129","Forked River","Forked River,New Jersey,United States","21164","US","Neighborhood","Active"
"1022131","Franklin Lakes","Franklin Lakes,New Jersey,United States","21164","US","City","Active"
"1022132","Franklin Park","Franklin Park,New Jersey,United States","21164","US","Neighborhood","Active"
"1022133","Franklinville","Franklinville,New Jersey,United States","21164","US","Neighborhood","Active"
"1022134","Freehold","Freehold,New Jersey,United States","21164","US","City","Active"
"1022135","Frenchtown","Frenchtown,New Jersey,United States","21164","US","City","Active"
"1022136","Fort Lee","Fort Lee,New Jersey,United States","21164","US","City","Active"
"1022137","Fort Monmouth","Fort Monmouth,New Jersey,United States","21164","US","City","Active"
"1022138","Garfield","Garfield,New Jersey,United States","21164","US","City","Active"
"1022139","Garwood","Garwood,New Jersey,United States","21164","US","City","Active"
"1022140","Gibbsboro","Gibbsboro,New Jersey,United States","21164","US","City","Active"
"1022141","Gibbstown","Gibbstown,New Jersey,United States","21164","US","Neighborhood","Active"
"1022142","Gillette","Gillette,New Jersey,United States","21164","US","City","Active"
"1022143","Peapack and Gladstone","Peapack and Gladstone,New Jersey,United States","21164","US","City","Active"
"1022144","Glassboro","Glassboro,New Jersey,United States","21164","US","City","Active"
"1022145","Glasser","Glasser,New Jersey,United States","21164","US","Neighborhood","Active"
"1022146","Glen Gardner","Glen Gardner,New Jersey,United States","21164","US","City","Active"
"1022147","Glen Ridge","Glen Ridge,New Jersey,United States","21164","US","City","Active"
"1022148","Glen Rock","Glen Rock,New Jersey,United States","21164","US","City","Active"
"1022149","Glendora","Glendora,New Jersey,United States","21164","US","Neighborhood","Active"
"1022150","Glenwood","Glenwood,New Jersey,United States","21164","US","Neighborhood","Active"
"1022151","Gloucester City","Gloucester City,New Jersey,United States","21164","US","City","Active"
"1022152","Great Meadows","Great Meadows,New Jersey,United States","21164","US","Neighborhood","Active"
"1022153","Green Village","Green Village,New Jersey,United States","21164","US","Neighborhood","Active"
"1022154","Greenwich","Greenwich,New Jersey,United States","21164","US","City","Active"
"1022156","Hackettstown","Hackettstown,New Jersey,United States","21164","US","City","Active"
"1022157","Haddon Heights","Haddon Heights,New Jersey,United States","21164","US","City","Active"
"1022158","Haddonfield","Haddonfield,New Jersey,United States","21164","US","City","Active"
"1022159","Hainesport","Hainesport,New Jersey,United States","21164","US","City","Active"
"1022161","Hamburg","Hamburg,New Jersey,United States","21164","US","City","Active"
"1022162","Hammonton","Hammonton,New Jersey,United States","21164","US","City","Active"
"1022163","Hampton","Hampton,New Jersey,United States","21164","US","City","Active"
"1022164","Harrington Park","Harrington Park,New Jersey,United States","21164","US","City","Active"
"1022165","Harrison","Harrison,New Jersey,United States","21164","US","City","Active"
"1022166","Harrisonville","Harrisonville,New Jersey,United States","21164","US","Neighborhood","Active"
"1022167","Hasbrouck Heights","Hasbrouck Heights,New Jersey,United States","21164","US","City","Active"
"1022168","Haskell","Haskell,New Jersey,United States","21164","US","Neighborhood","Active"
"1022169","Haworth","Haworth,New Jersey,United States","21164","US","City","Active"
"1022171","Hazlet","Hazlet,New Jersey,United States","21164","US","City","Active"
"1022172","Heislerville","Heislerville,New Jersey,United States","21164","US","Neighborhood","Active"
"1022173","Helmetta","Helmetta,New Jersey,United States","21164","US","City","Active"
"1022174","Hewitt","Hewitt,New Jersey,United States","21164","US","Neighborhood","Active"
"1022175","High Bridge","High Bridge,New Jersey,United States","21164","US","City","Active"
"1022176","Highland Park","Highland Park,New Jersey,United States","21164","US","City","Active"
"1022177","Highlands","Highlands,New Jersey,United States","21164","US","City","Active"
"1022178","Hightstown","Hightstown,New Jersey,United States","21164","US","City","Active"
"1022179","Hillsborough Township","Hillsborough Township,New Jersey,United States","21164","US","City","Active"
"1022180","Hillsdale","Hillsdale,New Jersey,United States","21164","US","City","Active"
"1022181","Hillside","Hillside,New Jersey,United States","21164","US","City","Active"
"1022182","Ho-Ho-Kus","Ho-Ho-Kus,New Jersey,United States","21164","US","City","Active"
"1022183","Hoboken","Hoboken,New Jersey,United States","21164","US","City","Active"
"1022184","Holmdel","Holmdel,New Jersey,United States","21164","US","City","Active"
"1022185","Hopatcong","Hopatcong,New Jersey,United States","21164","US","City","Active"
"1022186","Hope","Hope,New Jersey,United States","21164","US","City","Active"
"1022187","Hopewell","Hopewell,New Jersey,United States","21164","US","City","Active"
"1022188","Howell Township","Howell Township,New Jersey,United States","21164","US","City","Active"
"1022189","Hunterdon County","Hunterdon County,New Jersey,United States","21164","US","County","Active"
"1022190","Irvington","Irvington,New Jersey,United States","21164","US","City","Active"
"1022191","Iselin","Iselin,New Jersey,United States","21164","US","Neighborhood","Active"
"1022192","Island Heights","Island Heights,New Jersey,United States","21164","US","City","Active"
"1022193","Jackson Township","Jackson Township,New Jersey,United States","21164","US","City","Active"
"1022195","Johnsonburg","Johnsonburg,New Jersey,United States","21164","US","Neighborhood","Active"
"1022196","Keansburg","Keansburg,New Jersey,United States","21164","US","City","Active"
"1022197","Kearny","Kearny,New Jersey,United States","21164","US","City","Active"
"1022198","Keasbey","Keasbey,New Jersey,United States","21164","US","Neighborhood","Active"
"1022199","Kendall Park","Kendall Park,New Jersey,United States","21164","US","Neighborhood","Active"
"1022200","Kenilworth","Kenilworth,New Jersey,United States","21164","US","City","Active"
"1022201","Kenvil","Kenvil,New Jersey,United States","21164","US","Neighborhood","Active"
"1022202","Keyport","Keyport,New Jersey,United States","21164","US","City","Active"
"1022203","Kingston","Kingston,New Jersey,United States","21164","US","Neighborhood","Active"
"1022204","Lafayette Township","Lafayette Township,New Jersey,United States","21164","US","City","Active"
"1022205","Lake Hiawatha","Lake Hiawatha,New Jersey,United States","21164","US","Neighborhood","Active"
"1022206","Lake Hopatcong","Lake Hopatcong,New Jersey,United States","21164","US","City","Active"
"1022207","Lakehurst","Lakehurst,New Jersey,United States","21164","US","City","Active"
"1022208","Lakewood","Lakewood,New Jersey,United States","21164","US","Neighborhood","Active"
"1022209","Lambertville","Lambertville,New Jersey,United States","21164","US","City","Active"
"1022210","Landing","Landing,New Jersey,United States","21164","US","Neighborhood","Active"
"1022211","Landisville","Landisville,New Jersey,United States","21164","US","Neighborhood","Active"
"1022212","Lanoka Harbor","Lanoka Harbor,New Jersey,United States","21164","US","Neighborhood","Active"
"1022213","Lavallette","Lavallette,New Jersey,United States","21164","US","City","Active"
"1022214","Lawnside","Lawnside,New Jersey,United States","21164","US","City","Active"
"1022215","Lebanon","Lebanon,New Jersey,United States","21164","US","City","Active"
"1022216","Ledgewood","Ledgewood,New Jersey,United States","21164","US","Neighborhood","Active"
"1022217","Leesburg","Leesburg,New Jersey,United States","21164","US","Neighborhood","Active"
"1022218","Leonia","Leonia,New Jersey,United States","21164","US","City","Active"
"1022220","Lincoln Park","Lincoln Park,New Jersey,United States","21164","US","City","Active"
"1022221","Lincroft","Lincroft,New Jersey,United States","21164","US","Neighborhood","Active"
"1022222","Linden","Linden,New Jersey,United States","21164","US","City","Active"
"1022223","Linwood","Linwood,New Jersey,United States","21164","US","City","Active"
"1022224","Little Falls","Little Falls,New Jersey,United States","21164","US","City","Active"
"1022225","Little Ferry","Little Ferry,New Jersey,United States","21164","US","City","Active"
"1022226","Little Silver","Little Silver,New Jersey,United States","21164","US","City","Active"
"1022228","Livingston","Livingston,New Jersey,United States","21164","US","City","Active"
"1022229","Lodi","Lodi,New Jersey,United States","21164","US","City","Active"
"1022230","Long Branch","Long Branch,New Jersey,United States","21164","US","City","Active"
"1022231","Long Valley","Long Valley,New Jersey,United States","21164","US","Neighborhood","Active"
"1022232","Longport","Longport,New Jersey,United States","21164","US","City","Active"
"1022233","Lumberton","Lumberton,New Jersey,United States","21164","US","City","Active"
"1022234","Lyndhurst","Lyndhurst,New Jersey,United States","21164","US","City","Active"
"1022235","Madison","Madison,New Jersey,United States","21164","US","City","Active"
"1022236","Magnolia","Magnolia,New Jersey,United States","21164","US","City","Active"
"1022237","Mahwah","Mahwah,New Jersey,United States","21164","US","City","Active"
"1022238","Malaga","Malaga,New Jersey,United States","21164","US","Neighborhood","Active"
"1022239","Manahawkin","Manahawkin,New Jersey,United States","21164","US","Neighborhood","Active"
"1022240","Manasquan","Manasquan,New Jersey,United States","21164","US","City","Active"
"1022241","Mantua Township","Mantua Township,New Jersey,United States","21164","US","City","Active"
"1022242","Manville","Manville,New Jersey,United States","21164","US","City","Active"
"1022243","Maple Shade Township","Maple Shade Township,New Jersey,United States","21164","US","City","Active"
"1022244","Maplewood","Maplewood,New Jersey,United States","21164","US","City","Active"
"1022245","Margate City","Margate City,New Jersey,United States","21164","US","City","Active"
"1022246","Marlboro Township","Marlboro Township,New Jersey,United States","21164","US","City","Active"
"1022247","Marlton","Marlton,New Jersey,United States","21164","US","Neighborhood","Active"
"1022248","Marmora","Marmora,New Jersey,United States","21164","US","City","Active"
"1022249","Martinsville","Martinsville,New Jersey,United States","21164","US","Neighborhood","Active"
"1022250","Matawan","Matawan,New Jersey,United States","21164","US","City","Active"
"1022251","Mays Landing","Mays Landing,New Jersey,United States","21164","US","Neighborhood","Active"
"1022252","Maywood","Maywood,New Jersey,United States","21164","US","City","Active"
"1022253","McAfee","McAfee,New Jersey,United States","21164","US","Neighborhood","Active"
"1022254","Medford","Medford,New Jersey,United States","21164","US","City","Active"
"1022255","Mendham","Mendham,New Jersey,United States","21164","US","City","Active"
"1022256","Merchantville","Merchantville,New Jersey,United States","21164","US","City","Active"
"1022257","Metuchen","Metuchen,New Jersey,United States","21164","US","City","Active"
"1022258","Mickleton","Mickleton,New Jersey,United States","21164","US","City","Active"
"1022259","Middlesex","Middlesex,New Jersey,United States","21164","US","City","Active"
"1022260","Middletown","Middletown,New Jersey,United States","21164","US","City","Active"
"1022261","Midland Park","Midland Park,New Jersey,United States","21164","US","City","Active"
"1022262","Milford","Milford,New Jersey,United States","21164","US","City","Active"
"1022263","Millburn","Millburn,New Jersey,United States","21164","US","City","Active"
"1022264","Millington","Millington,New Jersey,United States","21164","US","Neighborhood","Active"
"1022265","Milltown","Milltown,New Jersey,United States","21164","US","City","Active"
"1022266","Millville","Millville,New Jersey,United States","21164","US","City","Active"
"1022267","Milmay","Milmay,New Jersey,United States","21164","US","Neighborhood","Active"
"1022268","Mine Hill Township","Mine Hill Township,New Jersey,United States","21164","US","City","Active"
"1022269","Monmouth Junction","Monmouth Junction,New Jersey,United States","21164","US","Neighborhood","Active"
"1022271","Monroeville","Monroeville,New Jersey,United States","21164","US","Neighborhood","Active"
"1022272","Montague Township","Montague Township,New Jersey,United States","21164","US","City","Active"
"1022273","Montclair","Montclair,New Jersey,United States","21164","US","City","Active"
"1022274","Montvale","Montvale,New Jersey,United States","21164","US","City","Active"
"1022275","Montville","Montville,New Jersey,United States","21164","US","City","Active"
"1022276","Moonachie","Moonachie,New Jersey,United States","21164","US","City","Active"
"1022277","Moorestown","Moorestown,New Jersey,United States","21164","US","City","Active"
"1022278","Morganville","Morganville,New Jersey,United States","21164","US","Neighborhood","Active"
"1022279","Morris Plains","Morris Plains,New Jersey,United States","21164","US","City","Active"
"1022281","Mount Arlington","Mount Arlington,New Jersey,United States","21164","US","City","Active"
"1022282","Mount Ephraim","Mount Ephraim,New Jersey,United States","21164","US","City","Active"
"1022284","Mount Holly","Mount Holly,New Jersey,United States","21164","US","City","Active"
"1022285","Mount Laurel Township","Mount Laurel Township,New Jersey,United States","21164","US","City","Active"
"1022286","Mountain Lakes","Mountain Lakes,New Jersey,United States","21164","US","City","Active"
"1022287","Mountainside","Mountainside,New Jersey,United States","21164","US","City","Active"
"1022288","Mullica Hill","Mullica Hill,New Jersey,United States","21164","US","Neighborhood","Active"
"1022289","National Park","National Park,New Jersey,United States","21164","US","City","Active"
"1022291","Neptune City","Neptune City,New Jersey,United States","21164","US","City","Active"
"1022292","Neshanic Station","Neshanic Station,New Jersey,United States","21164","US","Neighborhood","Active"
"1022293","Netcong","Netcong,New Jersey,United States","21164","US","City","Active"
"1022295","New Egypt","New Egypt,New Jersey,United States","21164","US","Neighborhood","Active"
"1022296","New Gretna","New Gretna,New Jersey,United States","21164","US","Neighborhood","Active"
"1022297","New Milford","New Milford,New Jersey,United States","21164","US","City","Active"
"1022298","New Providence","New Providence,New Jersey,United States","21164","US","City","Active"
"1022299","New Vernon","New Vernon,New Jersey,United States","21164","US","City","Active"
"1022301","Newfield","Newfield,New Jersey,United States","21164","US","City","Active"
"1022302","Newfoundland","Newfoundland,New Jersey,United States","21164","US","Neighborhood","Active"
"1022303","Newton","Newton,New Jersey,United States","21164","US","City","Active"
"1022304","North Arlington","North Arlington,New Jersey,United States","21164","US","City","Active"
"1022305","North Bergen","North Bergen,New Jersey,United States","21164","US","City","Active"
"1022306","North Brunswick Township","North Brunswick Township,New Jersey,United States","21164","US","City","Active"
"1022307","Northfield","Northfield,New Jersey,United States","21164","US","City","Active"
"1022308","Northvale","Northvale,New Jersey,United States","21164","US","City","Active"
"1022309","Norwood","Norwood,New Jersey,United States","21164","US","City","Active"
"1022310","Nutley","Nutley,New Jersey,United States","21164","US","City","Active"
"1022311","Oak Ridge","Oak Ridge,New Jersey,United States","21164","US","Neighborhood","Active"
"1022312","Oakhurst","Oakhurst,New Jersey,United States","21164","US","Neighborhood","Active"
"1022313","Oakland","Oakland,New Jersey,United States","21164","US","City","Active"
"1022314","Oaklyn","Oaklyn,New Jersey,United States","21164","US","City","Active"
"1022315","Ocean City","Ocean City,New Jersey,United States","21164","US","City","Active"
"1022316","Ocean Grove","Ocean Grove,New Jersey,United States","21164","US","Neighborhood","Active"
"1022317","Oceanport","Oceanport,New Jersey,United States","21164","US","City","Active"
"1022318","Ogdensburg","Ogdensburg,New Jersey,United States","21164","US","City","Active"
"1022319","Old Bridge","Old Bridge,New Jersey,United States","21164","US","Neighborhood","Active"
"1022321","Oradell","Oradell,New Jersey,United States","21164","US","City","Active"
"1022322","City of Orange","City of Orange,New Jersey,United States","21164","US","City","Active"
"1022323","Oxford","Oxford,New Jersey,United States","21164","US","Neighborhood","Active"
"1022324","Palisades Park","Palisades Park,New Jersey,United States","21164","US","City","Active"
"1022325","Palmyra","Palmyra,New Jersey,United States","21164","US","City","Active"
"1022327","Park Ridge","Park Ridge,New Jersey,United States","21164","US","City","Active"
"1022328","Parlin","Parlin,New Jersey,United States","21164","US","Neighborhood","Active"
"1022329","Parsippany-Troy Hills","Parsippany-Troy Hills,New Jersey,United States","21164","US","City","Active"
"1022330","Passaic","Passaic,New Jersey,United States","21164","US","City","Active"
"1022332","Paulsboro","Paulsboro,New Jersey,United States","21164","US","City","Active"
"1022333","Peapack","Peapack,New Jersey,United States","21164","US","Neighborhood","Active"
"1022334","Pedricktown","Pedricktown,New Jersey,United States","21164","US","City","Active"
"1022335","Pemberton","Pemberton,New Jersey,United States","21164","US","City","Active"
"1022336","Pennington","Pennington,New Jersey,United States","21164","US","City","Active"
"1022337","Penns Grove","Penns Grove,New Jersey,United States","21164","US","City","Active"
"1022338","Pennsauken Township","Pennsauken Township,New Jersey,United States","21164","US","City","Active"
"1022339","Pennsville","Pennsville,New Jersey,United States","21164","US","Neighborhood","Active"
"1022340","Pequannock Township","Pequannock Township,New Jersey,United States","21164","US","City","Active"
"1022342","Phillipsburg","Phillipsburg,New Jersey,United States","21164","US","City","Active"
"1022344","Pine Brook","Pine Brook,New Jersey,United States","21164","US","Neighborhood","Active"
"1022346","Pitman","Pitman,New Jersey,United States","21164","US","City","Active"
"1022347","Pittstown","Pittstown,New Jersey,United States","21164","US","Neighborhood","Active"
"1022349","Plainsboro Township","Plainsboro Township,New Jersey,United States","21164","US","City","Active"
"1022350","Pleasantville","Pleasantville,New Jersey,United States","21164","US","City","Active"
"1022352","Point Pleasant Beach","Point Pleasant Beach,New Jersey,United States","21164","US","City","Active"
"1022353","Pomona","Pomona,New Jersey,United States","21164","US","Neighborhood","Active"
"1022354","Pompton Lakes","Pompton Lakes,New Jersey,United States","21164","US","City","Active"
"1022355","Pompton Plains","Pompton Plains,New Jersey,United States","21164","US","Neighborhood","Active"
"1022356","Port Murray","Port Murray,New Jersey,United States","21164","US","Neighborhood","Active"
"1022357","Port Norris","Port Norris,New Jersey,United States","21164","US","Neighborhood","Active"
"1022358","Port Reading","Port Reading,New Jersey,United States","21164","US","Neighborhood","Active"
"1022359","Port Republic","Port Republic,New Jersey,United States","21164","US","City","Active"
"1022360","Pottersville","Pottersville,New Jersey,United States","21164","US","Neighborhood","Active"
"1022362","Princeton Junction","Princeton Junction,New Jersey,United States","21164","US","Neighborhood","Active"
"1022364","Rahway","Rahway,New Jersey,United States","21164","US","City","Active"
"1022365","Ramsey","Ramsey,New Jersey,United States","21164","US","City","Active"
"1022366","Rancocas","Rancocas,New Jersey,United States","21164","US","Neighborhood","Active"
"1022367","Randolph","Randolph,New Jersey,United States","21164","US","City","Active"
"1022368","Raritan","Raritan,New Jersey,United States","21164","US","City","Active"
"1022369","Readington Township","Readington Township,New Jersey,United States","21164","US","City","Active"
"1022371","Richland","Richland,New Jersey,United States","21164","US","Neighborhood","Active"
"1022372","Ridgefield","Ridgefield,New Jersey,United States","21164","US","City","Active"
"1022373","Ridgefield Park","Ridgefield Park,New Jersey,United States","21164","US","City","Active"
"1022375","Ringoes","Ringoes,New Jersey,United States","21164","US","Neighborhood","Active"
"1022376","Ringwood","Ringwood,New Jersey,United States","21164","US","City","Active"
"1022377","Rio Grande","Rio Grande,New Jersey,United States","21164","US","Neighborhood","Active"
"1022378","River Edge","River Edge,New Jersey,United States","21164","US","City","Active"
"1022379","Riverdale","Riverdale,New Jersey,United States","21164","US","City","Active"
"1022380","Riverside","Riverside,New Jersey,United States","21164","US","City","Active"
"1022382","Rochelle Park","Rochelle Park,New Jersey,United States","21164","US","City","Active"
"1022383","Rockaway","Rockaway,New Jersey,United States","21164","US","City","Active"
"1022384","Rocky Hill","Rocky Hill,New Jersey,United States","21164","US","City","Active"
"1022385","Roebling","Roebling,New Jersey,United States","21164","US","Neighborhood","Active"
"1022386","Roosevelt","Roosevelt,New Jersey,United States","21164","US","City","Active"
"1022387","Roseland","Roseland,New Jersey,United States","21164","US","City","Active"
"1022388","Roselle","Roselle,New Jersey,United States","21164","US","City","Active"
"1022389","Roselle Park","Roselle Park,New Jersey,United States","21164","US","City","Active"
"1022390","Rosenhayn","Rosenhayn,New Jersey,United States","21164","US","Neighborhood","Active"
"1022391","Rumson","Rumson,New Jersey,United States","21164","US","City","Active"
"1022392","Runnemede","Runnemede,New Jersey,United States","21164","US","City","Active"
"1022393","Rutherford","Rutherford,New Jersey,United States","21164","US","City","Active"
"1022394","Saddle Brook","Saddle Brook,New Jersey,United States","21164","US","City","Active"
"1022395","Saddle River","Saddle River,New Jersey,United States","21164","US","City","Active"
"1022396","Salem","Salem,New Jersey,United States","21164","US","City","Active"
"1022398","Scotch Plains","Scotch Plains,New Jersey,United States","21164","US","City","Active"
"1022399","Sea Girt","Sea Girt,New Jersey,United States","21164","US","City","Active"
"1022400","Sea Isle City","Sea Isle City,New Jersey,United States","21164","US","City","Active"
"1022401","Seaside Heights","Seaside Heights,New Jersey,United States","21164","US","City","Active"
"1022402","Seaside Park","Seaside Park,New Jersey,United States","21164","US","City","Active"
"1022404","Sewaren","Sewaren,New Jersey,United States","21164","US","Neighborhood","Active"
"1022405","Sewell","Sewell,New Jersey,United States","21164","US","Neighborhood","Active"
"1022406","Short Hills","Short Hills,New Jersey,United States","21164","US","Neighborhood","Active"
"1022407","Shrewsbury","Shrewsbury,New Jersey,United States","21164","US","City","Active"
"1022408","Sicklerville","Sicklerville,New Jersey,United States","21164","US","Neighborhood","Active"
"1022409","Skillman","Skillman,New Jersey,United States","21164","US","Neighborhood","Active"
"1022410","Somerdale","Somerdale,New Jersey,United States","21164","US","City","Active"
"1022411","Somers Point","Somers Point,New Jersey,United States","21164","US","City","Active"
"1022413","Somerville","Somerville,New Jersey,United States","21164","US","City","Active"
"1022414","South Amboy","South Amboy,New Jersey,United States","21164","US","City","Active"
"1022415","South Bound Brook","South Bound Brook,New Jersey,United States","21164","US","City","Active"
"1022416","South Hackensack","South Hackensack,New Jersey,United States","21164","US","City","Active"
"1022417","South Orange","South Orange,New Jersey,United States","21164","US","City","Active"
"1022418","South Plainfield","South Plainfield,New Jersey,United States","21164","US","City","Active"
"1022419","South River","South River,New Jersey,United States","21164","US","City","Active"
"1022420","Sparta Township","Sparta Township,New Jersey,United States","21164","US","City","Active"
"1022421","Spotswood","Spotswood,New Jersey,United States","21164","US","City","Active"
"1022422","Spring Lake","Spring Lake,New Jersey,United States","21164","US","City","Active"
"1022423","Springfield Township","Springfield Township,New Jersey,United States","21164","US","City","Active"
"1022424","Stanhope","Stanhope,New Jersey,United States","21164","US","City","Active"
"1022425","Stewartsville","Stewartsville,New Jersey,United States","21164","US","City","Active"
"1022426","Stillwater Township","Stillwater Township,New Jersey,United States","21164","US","City","Active"
"1022427","Stirling","Stirling,New Jersey,United States","21164","US","Neighborhood","Active"
"1022428","Stockholm","Stockholm,New Jersey,United States","21164","US","Neighborhood","Active"
"1022429","Stockton","Stockton,New Jersey,United States","21164","US","City","Active"
"1022430","Stone Harbor","Stone Harbor,New Jersey,United States","21164","US","City","Active"
"1022431","Stratford","Stratford,New Jersey,United States","21164","US","City","Active"
"1022432","Succasunna","Succasunna,New Jersey,United States","21164","US","Neighborhood","Active"
"1022434","Sussex","Sussex,New Jersey,United States","21164","US","City","Active"
"1022435","Swedesboro","Swedesboro,New Jersey,United States","21164","US","City","Active"
"1022436","Teaneck","Teaneck,New Jersey,United States","21164","US","City","Active"
"1022437","Tenafly","Tenafly,New Jersey,United States","21164","US","City","Active"
"1022438","Teterboro","Teterboro,New Jersey,United States","21164","US","City","Active"
"1022439","Thorofare","Thorofare,New Jersey,United States","21164","US","Neighborhood","Active"
"1022440","Three Bridges","Three Bridges,New Jersey,United States","21164","US","Neighborhood","Active"
"1022443","Towaco","Towaco,New Jersey,United States","21164","US","Neighborhood","Active"
"1022445","Tuckerton","Tuckerton,New Jersey,United States","21164","US","City","Active"
"1022446","Union","Union,New Jersey,United States","21164","US","City","Active"
"1022447","Union City","Union City,New Jersey,United States","21164","US","City","Active"
"1022448","Vauxhall","Vauxhall,New Jersey,United States","21164","US","Neighborhood","Active"
"1022449","Ventnor City","Ventnor City,New Jersey,United States","21164","US","City","Active"
"1022450","Vernon Township","Vernon Township,New Jersey,United States","21164","US","City","Active"
"1022451","Verona","Verona,New Jersey,United States","21164","US","City","Active"
"1022452","Vienna","Vienna,New Jersey,United States","21164","US","Neighborhood","Active"
"1022453","Vincentown","Vincentown,New Jersey,United States","21164","US","Neighborhood","Active"
"1022455","Voorhees Township","Voorhees Township,New Jersey,United States","21164","US","City","Active"
"1022456","Waldwick","Waldwick,New Jersey,United States","21164","US","City","Active"
"1022457","Wallington","Wallington,New Jersey,United States","21164","US","City","Active"
"1022458","Walpack Township","Walpack Township,New Jersey,United States","21164","US","City","Active"
"1022459","Wanaque","Wanaque,New Jersey,United States","21164","US","City","Active"
"1022460","Waretown","Waretown,New Jersey,United States","21164","US","Neighborhood","Active"
"1022461","Warren","Warren,New Jersey,United States","21164","US","City","Active"
"1022462","Washington","Washington,New Jersey,United States","21164","US","City","Active"
"1022463","Watchung","Watchung,New Jersey,United States","21164","US","City","Active"
"1022465","Weehawken","Weehawken,New Jersey,United States","21164","US","City","Active"
"1022466","West Berlin","West Berlin,New Jersey,United States","21164","US","Neighborhood","Active"
"1022467","West Long Branch","West Long Branch,New Jersey,United States","21164","US","City","Active"
"1022468","West Milford","West Milford,New Jersey,United States","21164","US","City","Active"
"1022469","West New York","West New York,New Jersey,United States","21164","US","City","Active"
"1022470","West Orange","West Orange,New Jersey,United States","21164","US","City","Active"
"1022472","Westville","Westville,New Jersey,United States","21164","US","City","Active"
"1022473","Westwood","Westwood,New Jersey,United States","21164","US","City","Active"
"1022474","Wharton","Wharton,New Jersey,United States","21164","US","City","Active"
"1022476","Whitehouse","Whitehouse,New Jersey,United States","21164","US","Neighborhood","Active"
"1022477","Whitehouse Station","Whitehouse Station,New Jersey,United States","21164","US","Neighborhood","Active"
"1022478","Whiting","Whiting,New Jersey,United States","21164","US","Neighborhood","Active"
"1022479","Wildwood","Wildwood,New Jersey,United States","21164","US","City","Active"
"1022480","Williamstown","Williamstown,New Jersey,United States","21164","US","Neighborhood","Active"
"1022481","Willingboro","Willingboro,New Jersey,United States","21164","US","City","Active"
"1022483","Wood-Ridge","Wood-Ridge,New Jersey,United States","21164","US","City","Active"
"1022484","Woodbine","Woodbine,New Jersey,United States","21164","US","City","Active"
"1022485","Woodbridge","Woodbridge,New Jersey,United States","21164","US","Neighborhood","Active"
"1022486","Woodbury","Woodbury,New Jersey,United States","21164","US","City","Active"
"1022487","Woodbury Heights","Woodbury Heights,New Jersey,United States","21164","US","City","Active"
"1022488","Woodcliff Lake","Woodcliff Lake,New Jersey,United States","21164","US","City","Active"
"1022489","Woodstown","Woodstown,New Jersey,United States","21164","US","City","Active"
"1022490","Wrightstown","Wrightstown,New Jersey,United States","21164","US","City","Active"
"1022491","Wyckoff","Wyckoff,New Jersey,United States","21164","US","City","Active"
"9040633","NJ-1","NJ-1,New Jersey,United States","21164","US","Congressional District","Active"
"9040634","NJ-10","NJ-10,New Jersey,United States","21164","US","Congressional District","Active"
"9040635","NJ-11","NJ-11,New Jersey,United States","21164","US","Congressional District","Active"
"9040636","NJ-12","NJ-12,New Jersey,United States","21164","US","Congressional District","Active"
"9040637","NJ-2","NJ-2,New Jersey,United States","21164","US","Congressional District","Active"
"9040638","NJ-3","NJ-3,New Jersey,United States","21164","US","Congressional District","Active"
"9040639","NJ-4","NJ-4,New Jersey,United States","21164","US","Congressional District","Active"
"9040640","NJ-5","NJ-5,New Jersey,United States","21164","US","Congressional District","Active"
"9040641","NJ-6","NJ-6,New Jersey,United States","21164","US","Congressional District","Active"
"9040642","NJ-7","NJ-7,New Jersey,United States","21164","US","Congressional District","Active"
"9040643","NJ-8","NJ-8,New Jersey,United States","21164","US","Congressional District","Active"
"9040644","NJ-9","NJ-9,New Jersey,United States","21164","US","Congressional District","Active"
"9041391","Newark Liberty International Airport","Newark Liberty International Airport,New Jersey,United States","21164","US","Airport","Active"
"9041505","Trenton-Mercer Airport","Trenton-Mercer Airport,New Jersey,United States","21164","US","Airport","Active"
"9051492","Aberdeen Township","Aberdeen Township,New Jersey,United States","21164","US","City","Active"
"9051503","Alexandria","Alexandria,New Jersey,United States","21164","US","City","Active"
"9051511","Andover Township","Andover Township,New Jersey,United States","21164","US","City","Active"
"9051548","Barnegat Township","Barnegat Township,New Jersey,United States","21164","US","City","Active"
"9051590","Berkeley Township","Berkeley Township,New Jersey,United States","21164","US","City","Active"
"9051592","Berlin Township","Berlin Township,New Jersey,United States","21164","US","City","Active"
"9051620","Boonton Township","Boonton Township,New Jersey,United States","21164","US","City","Active"
"9051623","Bordentown Township","Bordentown Township,New Jersey,United States","21164","US","City","Active"
"9051629","Branchburg","Branchburg,New Jersey,United States","21164","US","City","Active"
"9051667","Burlington Township","Burlington Township,New Jersey,United States","21164","US","City","Active"
"9051672","Byram Township","Byram Township,New Jersey,United States","21164","US","City","Active"
"9051696","Carneys Point Township","Carneys Point Township,New Jersey,United States","21164","US","City","Active"
"9051718","Chatham Township","Chatham Township,New Jersey,United States","21164","US","City","Active"
"9051722","Chester Township","Chester Township,New Jersey,United States","21164","US","City","Active"
"9051724","Chesterfield Township","Chesterfield Township,New Jersey,United States","21164","US","City","Active"
"9051735","Cinnaminson","Cinnaminson,New Jersey,United States","21164","US","City","Active"
"9051742","Clinton Township","Clinton Township,New Jersey,United States","21164","US","City","Active"
"9051785","Cranbury Township","Cranbury Township,New Jersey,United States","21164","US","City","Active"
"9051819","Delran","Delran,New Jersey,United States","21164","US","City","Active"
"9051821","Dennis","Dennis,New Jersey,United States","21164","US","City","Active"
"9051827","Deptford Township","Deptford Township,New Jersey,United States","21164","US","City","Active"
"9051857","East Amwell Township","East Amwell Township,New Jersey,United States","21164","US","City","Active"
"9051884","East Windsor","East Windsor,New Jersey,United States","21164","US","City","Active"
"9051886","Eastampton Township","Eastampton Township,New Jersey,United States","21164","US","City","Active"
"9051891","Edgewater Park","Edgewater Park,New Jersey,United States","21164","US","City","Active"
"9051915","Evesham Township","Evesham Township,New Jersey,United States","21164","US","City","Active"
"9051918","Ewing Township","Ewing Township,New Jersey,United States","21164","US","City","Active"
"9051986","Frankford","Frankford,New Jersey,United States","21164","US","City","Active"
"9051989","Franklin Township","Franklin Township,New Jersey,United States","21164","US","City","Active"
"9051991","Fredon Township","Fredon Township,New Jersey,United States","21164","US","City","Active"
"9051993","Freehold Township","Freehold Township,New Jersey,United States","21164","US","City","Active"
"9052008","Galloway","Galloway,New Jersey,United States","21164","US","City","Active"
"9052031","Gloucester Township","Gloucester Township,New Jersey,United States","21164","US","City","Active"
"9052059","Green Brook Township","Green Brook Township,New Jersey,United States","21164","US","City","Active"
"9052062","Green Township","Green Township,New Jersey,United States","21164","US","City","Active"
"9052069","Greenwich Township","Greenwich Township,New Jersey,United States","21164","US","City","Active"
"9052083","Haddon Township School District","Haddon Township School District,New Jersey,United States","21164","US","City","Active"
"9052093","Hampton Township","Hampton Township,New Jersey,United States","21164","US","City","Active"
"9052099","Hanover","Hanover,New Jersey,United States","21164","US","City","Active"
"9052107","Hardwick Township","Hardwick Township,New Jersey,United States","21164","US","City","Active"
"9052108","Hardyston Township","Hardyston Township,New Jersey,United States","21164","US","City","Active"
"9052110","Harrison Township","Harrison Township,New Jersey,United States","21164","US","City","Active"
"9052143","Holland Township","Holland Township,New Jersey,United States","21164","US","City","Active"
"9052158","Hopewell Township","Hopewell Township,New Jersey,United States","21164","US","City","Active"
"9052200","Jefferson","Jefferson,New Jersey,United States","21164","US","City","Active"
"9052243","Kingwood","Kingwood,New Jersey,United States","21164","US","City","Active"
"9052244","Kinnelon","Kinnelon,New Jersey,United States","21164","US","City","Active"
"9052252","Lacey Township","Lacey Township,New Jersey,United States","21164","US","City","Active"
"9052286","Lakewood Township","Lakewood Township,New Jersey,United States","21164","US","City","Active"
"9052304","Lawrence Township","Lawrence Township,New Jersey,United States","21164","US","City","Active"
"9052309","Lebanon Township","Lebanon Township,New Jersey,United States","21164","US","City","Active"
"9052328","Lindenwold","Lindenwold,New Jersey,United States","21164","US","City","Active"
"9052334","Little Egg Harbor Township","Little Egg Harbor Township,New Jersey,United States","21164","US","City","Active"
"9052342","Logan Township","Logan Township,New Jersey,United States","21164","US","City","Active"
"9052345","Long Beach Township","Long Beach Township,New Jersey,United States","21164","US","City","Active"
"9052346","Long Hill","Long Hill,New Jersey,United States","21164","US","City","Active"
"9052356","Lower Township","Lower Township,New Jersey,United States","21164","US","City","Active"
"9052378","Manchester Township","Manchester Township,New Jersey,United States","21164","US","City","Active"
"9052381","Mansfield","Mansfield,New Jersey,United States","21164","US","City","Active"
"9052429","Middle Township","Middle Township,New Jersey,United States","21164","US","City","Active"
"9052445","Millstone","Millstone,New Jersey,United States","21164","US","City","Active"
"9052469","Montgomery","Montgomery,New Jersey,United States","21164","US","City","Active"
"9052477","Morris Township","Morris Township,New Jersey,United States","21164","US","City","Active"
"9052486","Mount Olive Township","Mount Olive Township,New Jersey,United States","21164","US","City","Active"
"9052505","Neptune Township","Neptune Township,New Jersey,United States","21164","US","City","Active"
"9052512","New Hanover Township","New Hanover Township,New Jersey,United States","21164","US","City","Active"
"9052540","North Haledon","North Haledon,New Jersey,United States","21164","US","City","Active"
"9052541","North Hanover Township","North Hanover Township,New Jersey,United States","21164","US","City","Active"
"9052551","North Plainfield","North Plainfield,New Jersey,United States","21164","US","City","Active"
"9052591","Ocean Township","Ocean Township,New Jersey,United States","21164","US","City","Active"
"9052594","Old Bridge Township","Old Bridge Township,New Jersey,United States","21164","US","City","Active"
"9052596","Old Tappan","Old Tappan,New Jersey,United States","21164","US","City","Active"
"9052653","Pemberton Township","Pemberton Township,New Jersey,United States","21164","US","City","Active"
"9052658","Pennsville Township","Pennsville Township,New Jersey,United States","21164","US","City","Active"
"9052670","Pilesgrove","Pilesgrove,New Jersey,United States","21164","US","City","Active"
"9052679","Pittsgrove Township","Pittsgrove Township,New Jersey,United States","21164","US","City","Active"
"9052689","Plumsted Township","Plumsted Township,New Jersey,United States","21164","US","City","Active"
"9052696","Point Pleasant","Point Pleasant,New Jersey,United States","21164","US","City","Active"
"9052751","River Vale","River Vale,New Jersey,United States","21164","US","City","Active"
"9052758","Robbinsville Township","Robbinsville Township,New Jersey,United States","21164","US","City","Active"
"9052761","Rockaway Township","Rockaway Township,New Jersey,United States","21164","US","City","Active"
"9052783","Roxbury Township","Roxbury Township,New Jersey,United States","21164","US","City","Active"
"9052804","Sandyston","Sandyston,New Jersey,United States","21164","US","City","Active"
"9052867","South Brunswick Township","South Brunswick Township,New Jersey,United States","21164","US","City","Active"
"9052889","Southampton Township","Southampton Township,New Jersey,United States","21164","US","City","Active"
"9052923","Stafford Township","Stafford Township,New Jersey,United States","21164","US","City","Active"
"9052955","Tabernacle","Tabernacle,New Jersey,United States","21164","US","City","Active"
"9052969","Tewksbury","Tewksbury,New Jersey,United States","21164","US","City","Active"
"9052990","Tinton Falls","Tinton Falls,New Jersey,United States","21164","US","City","Active"
"9053001","Township of Washington","Township of Washington,New Jersey,United States","21164","US","City","Active"
"9053032","Upper Deerfield Township","Upper Deerfield Township,New Jersey,United States","21164","US","City","Active"
"9053033","Upper Freehold","Upper Freehold,New Jersey,United States","21164","US","City","Active"
"9053036","Upper Saddle River","Upper Saddle River,New Jersey,United States","21164","US","City","Active"
"9053071","Wall Township","Wall Township,New Jersey,United States","21164","US","City","Active"
"9053076","Wantage","Wantage,New Jersey,United States","21164","US","City","Active"
"9053084","Washington Township","Washington Township,New Jersey,United States","21164","US","City","Active"
"9053087","Waterford","Waterford,New Jersey,United States","21164","US","City","Active"
"9053105","West Caldwell","West Caldwell,New Jersey,United States","21164","US","City","Active"
"9053109","West Deptford","West Deptford,New Jersey,United States","21164","US","City","Active"
"9053131","West Windsor Township","West Windsor Township,New Jersey,United States","21164","US","City","Active"
"9053132","Westampton","Westampton,New Jersey,United States","21164","US","City","Active"
"9053196","Woodbridge Township","Woodbridge Township,New Jersey,United States","21164","US","City","Active"
"9053204","Woodland Park","Woodland Park,New Jersey,United States","21164","US","City","Active"
"9053210","Woolwich Township","Woolwich Township,New Jersey,United States","21164","US","City","Active"
"9058678","Atlantic County","Atlantic County,New Jersey,United States","21164","US","County","Active"
"9058679","Bergen County","Bergen County,New Jersey,United States","21164","US","County","Active"
"9058680","Burlington County","Burlington County,New Jersey,United States","21164","US","County","Active"
"9058681","Camden County","Camden County,New Jersey,United States","21164","US","County","Active"
"9058682","Cape May County","Cape May County,New Jersey,United States","21164","US","County","Active"
"9058683","Cumberland County","Cumberland County,New Jersey,United States","21164","US","County","Active"
"9058684","Essex County","Essex County,New Jersey,United States","21164","US","County","Active"
"9058685","Gloucester County","Gloucester County,New Jersey,United States","21164","US","County","Active"
"9058686","Hudson County","Hudson County,New Jersey,United States","21164","US","County","Active"
"9058687","Mercer County","Mercer County,New Jersey,United States","21164","US","County","Active"
"9058688","Middlesex County","Middlesex County,New Jersey,United States","21164","US","County","Active"
"9058689","Monmouth County","Monmouth County,New Jersey,United States","21164","US","County","Active"
"9058690","Morris County","Morris County,New Jersey,United States","21164","US","County","Active"
"9058691","Ocean County","Ocean County,New Jersey,United States","21164","US","County","Active"
"9058692","Passaic County","Passaic County,New Jersey,United States","21164","US","County","Active"
"9058693","Salem County","Salem County,New Jersey,United States","21164","US","County","Active"
"9058694","Somerset County","Somerset County,New Jersey,United States","21164","US","County","Active"
"9058695","Sussex County","Sussex County,New Jersey,United States","21164","US","County","Active"
"9058696","Union County","Union County,New Jersey,United States","21164","US","County","Active"
"9058697","Warren County","Warren County,New Jersey,United States","21164","US","County","Active"
"9060021","RutgersNew Brunswick","RutgersNew Brunswick,New Jersey,United States","21164","US","University","Active"
"9060122","Montclair State University","Montclair State University,New Jersey,United States","21164","US","University","Active"
"9060208","Princeton University","Princeton University,New Jersey,United States","21164","US","University","Active"
"9060355","Central Business District","Central Business District,New Jersey,United States","21164","US","Neighborhood","Active"
"9060356","University Heights","University Heights,New Jersey,United States","21164","US","Neighborhood","Active"
"9060488","Erlton-Ellisburg","Erlton-Ellisburg,New Jersey,United States","21164","US","Neighborhood","Active"
"9060562","Upper Montclair","Upper Montclair,New Jersey,United States","21164","US","Neighborhood","Active"
"9060630","Downtown","Downtown,New Jersey,United States","21164","US","Neighborhood","Active"
"9073475","Winslow Township","Winslow Township,New Jersey,United States","21164","US","City","Active"
