"1021994","Absecon","US","(not set)","New Jersey","The Northeast","(714) 507-7025","Flemington,Allentown,Vineland,Cherry Hill"
"1021996","Allamuchy Township","US","(not set)","New Jersey","The Northeast","(714) 507-7025","Flemington,Allentown,Vineland,Cherry Hill"
"1021997","Allendale","US","(not set)","New Jersey","The Northeast","(714) 507-7025","Flemington,Allentown,Vineland,Cherry Hill"
"1021998","Allenhurst","US","(not set)","New Jersey","The Northeast","(714) 507-7025","Flemington,Allentown,Vineland,Cherry Hill"
"1021999","Allentown","US","(not set)","New Jersey","The Northeast","(714) 507-7025","Flemington,Allentown,Vineland,Cherry Hill"
"1022000","Allenwood","US","(not set)","New Jersey","The Northeast","(714) 507-7025","Flemington,Allentown,Vineland,Cherry Hill"
"1022001","Alloway","US","(not set)","New Jersey","The Northeast","(714) 507-7025","Flemington,Allentown,Vineland,Cherry Hill"
"1022002","Alpine","US","(not set)","New Jersey","The Northeast","(714) 507-7025","Flemington,Allentown,Vineland,Cherry Hill"
"1022003","Andover","US","(not set)","New Jersey","The Northeast","(714) 507-7025","Flemington,Allentown,Vineland,Cherry Hill"
"1022004","Annandale","US","(not set)","New Jersey","The Northeast","(714) 507-7025","Flemington,Allentown,Vineland,Cherry Hill"
"1022005","Asbury","US","(not set)","New Jersey","The Northeast","(714) 507-7025","Flemington,Allentown,Vineland,Cherry Hill"
"1022006","Asbury Park","US","(not set)","New Jersey","The Northeast","(714) 507-7025","Flemington,Allentown,Vineland,Cherry Hill"
"1022007","Atco","US","(not set)","New Jersey","The Northeast","(714) 507-7025","Flemington,Allentown,Vineland,Cherry Hill"
"1022009","Atlantic Highlands","US","(not set)","New Jersey","The Northeast","(714) 507-7025","Flemington,Allentown,Vineland,Cherry Hill"
"1022010","Audubon","US","(not set)","New Jersey","The Northeast","(714) 507-7025","Flemington,Allentown,Vineland,Cherry Hill"
"1022011","Augusta","US","(not set)","New Jersey","The Northeast","(714) 507-7025","Flemington,Allentown,Vineland,Cherry Hill"
"1022012","Avalon","US","(not set)","New Jersey","The Northeast","(714) 507-7025","Flemington,Allentown,Vineland,Cherry Hill"
"1022013","Avenel","US","(not set)","New Jersey","The Northeast","(714) 507-7025","Flemington,Allentown,Vineland,Cherry Hill"
"1022014","Avon-by-the-Sea","US","(not set)","New Jersey","The Northeast","(714) 507-7025","Flemington,Allentown,Vineland,Cherry Hill"
"1022015","Barnegat","US","(not set)","New Jersey","The Northeast","(714) 507-7025","Flemington,Allentown,Vineland,Cherry Hill"
"1022016","Barrington","US","(not set)","New Jersey","The Northeast","(714) 507-7025","Flemington,Allentown,Vineland,Cherry Hill"
"1022017","Basking Ridge","US","(not set)","New Jersey","The Northeast","(714) 507-7025","Flemington,Allentown,Vineland,Cherry Hill"
"1022018","Bayonne","US","(not set)","New Jersey","The Northeast","(714) 507-7025","Flemington,Allentown,Vineland,Cherry Hill"
"1022019","Bayville","US","(not set)","New Jersey","The Northeast","(714) 507-7025","Flemington,Allentown,Vineland,Cherry Hill"
"1022020","Beach Haven","US","(not set)","New Jersey","The Northeast","(714) 507-7025","Flemington,Allentown,Vineland,Cherry Hill"
"1022021","Beachwood","US","(not set)","New Jersey","The Northeast","(714) 507-7025","Flemington,Allentown,Vineland,Cherry Hill"
"1022022","Bedminster","US","(not set)","New Jersey","The Northeast","(714) 507-7025","Flemington,Allentown,Vineland,Cherry Hill"
"1022023","Belford","US","(not set)","New Jersey","The Northeast","(714) 507-7025","Flemington,Allentown,Vineland,Cherry Hill"
"1022024","Belle Mead","US","(not set)","New Jersey","The Northeast","(714) 507-7025","Flemington,Allentown,Vineland,Cherry Hill"
"1022025","Belleville","US","(not set)","New Jersey","The Northeast","(714) 507-7025","Flemington,Allentown,Vineland,Cherry Hill"
"1022028","Belvidere","US","(not set)","New Jersey","The Northeast","(714) 507-7025","Flemington,Allentown,Vineland,Cherry Hill"
"1022029","Bergenfield","US","(not set)","New Jersey","The Northeast","(714) 507-7025","Flemington,Allentown,Vineland,Cherry Hill"
"1022030","Berkeley Heights","US","(not set)","New Jersey","The Northeast","(714) 507-7025","Flemington,Allentown,Vineland,Cherry Hill"
"1022031","Berlin","US","(not set)","New Jersey","The Northeast","(714) 507-7025","Flemington,Allentown,Vineland,Cherry Hill"
"1022032","Bernardsville","US","(not set)","New Jersey","The Northeast","(714) 507-7025","Flemington,Allentown,Vineland,Cherry Hill"
"1022033","Beverly","US","(not set)","New Jersey","The Northeast","(714) 507-7025","Flemington,Allentown,Vineland,Cherry Hill"
"1022035","Blackwood","US","(not set)","New Jersey","The Northeast","(714) 507-7025","Flemington,Allentown,Vineland,Cherry Hill"
"1022036","Blairstown","US","(not set)","New Jersey","The Northeast","(714) 507-7025","Flemington,Allentown,Vineland,Cherry Hill"
"1022037","Bloomfield","US","(not set)","New Jersey","The Northeast","(714) 507-7025","Flemington,Allentown,Vineland,Cherry Hill"
"1022038","Bloomingdale","US","(not set)","New Jersey","The Northeast","(714) 507-7025","Flemington,Allentown,Vineland,Cherry Hill"
"1022039","Bloomsbury","US","(not set)","New Jersey","The Northeast","(714) 507-7025","Flemington,Allentown,Vineland,Cherry Hill"
"1022040","Bogota","US","(not set)","New Jersey","The Northeast","(714) 507-7025","Flemington,Allentown,Vineland,Cherry Hill"
"1022041","Boonton","US","(not set)","New Jersey","The Northeast","(714) 507-7025","Flemington,Allentown,Vineland,Cherry Hill"
"1022042","Bordentown","US","(not set)","New Jersey","The Northeast","(714) 507-7025","Flemington,Allentown,Vineland,Cherry Hill"
"1022043","Bound Brook","US","(not set)","New Jersey","The Northeast","(714) 507-7025","Flemington,Allentown,Vineland,Cherry Hill"
"1022044","Bradley Beach","US","(not set)","New Jersey","The Northeast","(714) 507-7025","Flemington,Allentown,Vineland,Cherry Hill"
"1022045","Branchville","US","(not set)","New Jersey","The Northeast","(714) 507-7025","Flemington,Allentown,Vineland,Cherry Hill"
"1022046","Brick Township","US","(not set)","New Jersey","The Northeast","(714) 507-7025","Flemington,Allentown,Vineland,Cherry Hill"
"1022047","Bridgeport","US","(not set)","New Jersey","The Northeast","(714) 507-7025","Flemington,Allentown,Vineland,Cherry Hill"
"1022048","Bridgeton","US","(not set)","New Jersey","The Northeast","(714) 507-7025","Flemington,Allentown,Vineland,Cherry Hill"
"1022049","Bridgewater Township","US","(not set)","New Jersey","The Northeast","(714) 507-7025","Flemington,Allentown,Vineland,Cherry Hill"
"1022050","Brielle","US","(not set)","New Jersey","The Northeast","(714) 507-7025","Flemington,Allentown,Vineland,Cherry Hill"
"1022051","Brigantine","US","(not set)","New Jersey","The Northeast","(714) 507-7025","Flemington,Allentown,Vineland,Cherry Hill"
"1022053","Browns Mills","US","(not set)","New Jersey","The Northeast","(714) 507-7025","Flemington,Allentown,Vineland,Cherry Hill"
"1022054","Budd Lake","US","(not set)","New Jersey","The Northeast","(714) 507-7025","Flemington,Allentown,Vineland,Cherry Hill"
"1022055","Buena","US","(not set)","New Jersey","The Northeast","(714) 507-7025","Flemington,Allentown,Vineland,Cherry Hill"
"1022056","Burlington","US","(not set)","New Jersey","The Northeast","(714) 507-7025","Flemington,Allentown,Vineland,Cherry Hill"
"1022057","Butler","US","(not set)","New Jersey","The Northeast","(714) 507-7025","Flemington,Allentown,Vineland,Cherry Hill"
"1022058","White","US","(not set)","New Jersey","The Northeast","(714) 507-7025","Flemington,Allentown,Vineland,Cherry Hill"
"1022060","Califon","US","(not set)","New Jersey","The Northeast","(714) 507-7025","Flemington,Allentown,Vineland,Cherry Hill"
"1022062","Cape May","US","(not set)","New Jersey","The Northeast","(714) 507-7025","Flemington,Allentown,Vineland,Cherry Hill"
"1022063","Cape May Court House","US","(not set)","New Jersey","The Northeast","(714) 507-7025","Flemington,Allentown,Vineland,Cherry Hill"
"1022064","Carlstadt","US","(not set)","New Jersey","The Northeast","(714) 507-7025","Flemington,Allentown,Vineland,Cherry Hill"
"1022065","Carteret","US","(not set)","New Jersey","The Northeast","(714) 507-7025","Flemington,Allentown,Vineland,Cherry Hill"
"1022066","Cedar Grove","US","(not set)","New Jersey","The Northeast","(714) 507-7025","Flemington,Allentown,Vineland,Cherry Hill"
"1022067","Cedar Knolls","US","(not set)","New Jersey","The Northeast","(714) 507-7025","Flemington,Allentown,Vineland,Cherry Hill"
"1022068","Cedarville","US","(not set)","New Jersey","The Northeast","(714) 507-7025","Flemington,Allentown,Vineland,Cherry Hill"
"1022069","Chatham","US","(not set)","New Jersey","The Northeast","(714) 507-7025","Flemington,Allentown,Vineland,Cherry Hill"
"1022070","Cherry Hill","US","(not set)","New Jersey","The Northeast","(714) 507-7025","Flemington,Allentown,Vineland,Cherry Hill"
"1022071","Chester","US","(not set)","New Jersey","The Northeast","(714) 507-7025","Flemington,Allentown,Vineland,Cherry Hill"
"1022072","Clark","US","(not set)","New Jersey","The Northeast","(714) 507-7025","Flemington,Allentown,Vineland,Cherry Hill"
"1022073","Clarksboro","US","(not set)","New Jersey","The Northeast","(714) 507-7025","Flemington,Allentown,Vineland,Cherry Hill"
"1022074","Clarksburg","US","(not set)","New Jersey","The Northeast","(714) 507-7025","Flemington,Allentown,Vineland,Cherry Hill"
"1022075","Clayton","US","(not set)","New Jersey","The Northeast","(714) 507-7025","Flemington,Allentown,Vineland,Cherry Hill"
"1022076","Clementon","US","(not set)","New Jersey","The Northeast","(714) 507-7025","Flemington,Allentown,Vineland,Cherry Hill"
"1022077","Cliffside Park","US","(not set)","New Jersey","The Northeast","(714) 507-7025","Flemington,Allentown,Vineland,Cherry Hill"
"1022078","Cliffwood","US","(not set)","New Jersey","The Northeast","(714) 507-7025","Flemington,Allentown,Vineland,Cherry Hill"
"1022080","Clinton","US","(not set)","New Jersey","The Northeast","(714) 507-7025","Flemington,Allentown,Vineland,Cherry Hill"
"1022081","Closter","US","(not set)","New Jersey","The Northeast","(714) 507-7025","Flemington,Allentown,Vineland,Cherry Hill"
"1022082","Collingswood","US","(not set)","New Jersey","The Northeast","(714) 507-7025","Flemington,Allentown,Vineland,Cherry Hill"
"1022083","Colonia","US","(not set)","New Jersey","The Northeast","(714) 507-7025","Flemington,Allentown,Vineland,Cherry Hill"
"1022084","Colts Neck","US","(not set)","New Jersey","The Northeast","(714) 507-7025","Flemington,Allentown,Vineland,Cherry Hill"
"1022085","Columbia","US","(not set)","New Jersey","The Northeast","(714) 507-7025","Flemington,Allentown,Vineland,Cherry Hill"
"1022086","Columbus","US","(not set)","New Jersey","The Northeast","(714) 507-7025","Flemington,Allentown,Vineland,Cherry Hill"
"1022087","Cranbury","US","(not set)","New Jersey","The Northeast","(714) 507-7025","Flemington,Allentown,Vineland,Cherry Hill"
"1022088","Cranford","US","(not set)","New Jersey","The Northeast","(714) 507-7025","Flemington,Allentown,Vineland,Cherry Hill"
"1022089","Cream Ridge","US","(not set)","New Jersey","The Northeast","(714) 507-7025","Flemington,Allentown,Vineland,Cherry Hill"
"1022090","Cresskill","US","(not set)","New Jersey","The Northeast","(714) 507-7025","Flemington,Allentown,Vineland,Cherry Hill"
"1022091","Crosswicks","US","(not set)","New Jersey","The Northeast","(714) 507-7025","Flemington,Allentown,Vineland,Cherry Hill"
"1022092","Dayton","US","(not set)","New Jersey","The Northeast","(714) 507-7025","Flemington,Allentown,Vineland,Cherry Hill"
"1022093","Deal","US","(not set)","New Jersey","The Northeast","(714) 507-7025","Flemington,Allentown,Vineland,Cherry Hill"
"1022094","Demarest","US","(not set)","New Jersey","The Northeast","(714) 507-7025","Flemington,Allentown,Vineland,Cherry Hill"
"1022095","Denville","US","(not set)","New Jersey","The Northeast","(714) 507-7025","Flemington,Allentown,Vineland,Cherry Hill"
"1022097","Dumont","US","(not set)","New Jersey","The Northeast","(714) 507-7025","Flemington,Allentown,Vineland,Cherry Hill"
"1022098","Dunellen","US","(not set)","New Jersey","The Northeast","(714) 507-7025","Flemington,Allentown,Vineland,Cherry Hill"
"1022099","East Brunswick","US","(not set)","New Jersey","The Northeast","(714) 507-7025","Flemington,Allentown,Vineland,Cherry Hill"
"1022100","East Hanover","US","(not set)","New Jersey","The Northeast","(714) 507-7025","Flemington,Allentown,Vineland,Cherry Hill"
"1022102","East Rutherford","US","(not set)","New Jersey","The Northeast","(714) 507-7025","Flemington,Allentown,Vineland,Cherry Hill"
"1022104","Edgewater","US","(not set)","New Jersey","The Northeast","(714) 507-7025","Flemington,Allentown,Vineland,Cherry Hill"
"1022106","Egg Harbor City","US","(not set)","New Jersey","The Northeast","(714) 507-7025","Flemington,Allentown,Vineland,Cherry Hill"
"1022107","Egg Harbor Township","US","(not set)","New Jersey","The Northeast","(714) 507-7025","Flemington,Allentown,Vineland,Cherry Hill"
"1022109","Elmer","US","(not set)","New Jersey","The Northeast","(714) 507-7025","Flemington,Allentown,Vineland,Cherry Hill"
"1022110","Elmwood Park","US","(not set)","New Jersey","The Northeast","(714) 507-7025","Flemington,Allentown,Vineland,Cherry Hill"
"1022111","Elwood","US","(not set)","New Jersey","The Northeast","(714) 507-7025","Flemington,Allentown,Vineland,Cherry Hill"
"1022112","Emerson","US","(not set)","New Jersey","The Northeast","(714) 507-7025","Flemington,Allentown,Vineland,Cherry Hill"
"1022113","Englewood","US","(not set)","New Jersey","The Northeast","(714) 507-7025","Flemington,Allentown,Vineland,Cherry Hill"
"1022114","Englewood Cliffs","US","(not set)","New Jersey","The Northeast","(714) 507-7025","Flemington,Allentown,Vineland,Cherry Hill"
"1022115","Englishtown","US","(not set)","New Jersey","The Northeast","(714) 507-7025","Flemington,Allentown,Vineland,Cherry Hill"
"1022116","Essex Fells","US","(not set)","New Jersey","The Northeast","(714) 507-7025","Flemington,Allentown,Vineland,Cherry Hill"
"1022117","Estell Manor","US","(not set)","New Jersey","The Northeast","(714) 507-7025","Flemington,Allentown,Vineland,Cherry Hill"
"1022118","Fair Haven","US","(not set)","New Jersey","The Northeast","(714) 507-7025","Flemington,Allentown,Vineland,Cherry Hill"
"1022119","Fair Lawn","US","(not set)","New Jersey","The Northeast","(714) 507-7025","Flemington,Allentown,Vineland,Cherry Hill"
"1022120","Fairfield","US","(not set)","New Jersey","The Northeast","(714) 507-7025","Flemington,Allentown,Vineland,Cherry Hill"
"1022121","Fairview","US","(not set)","New Jersey","The Northeast","(714) 507-7025","Flemington,Allentown,Vineland,Cherry Hill"
"1022122","Fanwood","US","(not set)","New Jersey","The Northeast","(714) 507-7025","Flemington,Allentown,Vineland,Cherry Hill"
"1022123","Far Hills","US","(not set)","New Jersey","The Northeast","(714) 507-7025","Flemington,Allentown,Vineland,Cherry Hill"
"1022124","Farmingdale","US","(not set)","New Jersey","The Northeast","(714) 507-7025","Flemington,Allentown,Vineland,Cherry Hill"
"1022125","Flanders","US","(not set)","New Jersey","The Northeast","(714) 507-7025","Flemington,Allentown,Vineland,Cherry Hill"
"1022126","Flemington","US","(not set)","New Jersey","The Northeast","(714) 507-7025","Flemington,Allentown,Vineland,Cherry Hill"
"1022127","Florence Township","US","(not set)","New Jersey","The Northeast","(714) 507-7025","Flemington,Allentown,Vineland,Cherry Hill"
"1022128","Florham Park","US","(not set)","New Jersey","The Northeast","(714) 507-7025","Flemington,Allentown,Vineland,Cherry Hill"
"1022129","Forked River","US","(not set)","New Jersey","The Northeast","(714) 507-7025","Flemington,Allentown,Vineland,Cherry Hill"
"1022131","Franklin Lakes","US","(not set)","New Jersey","The Northeast","(714) 507-7025","Flemington,Allentown,Vineland,Cherry Hill"
"1022132","Franklin Park","US","(not set)","New Jersey","The Northeast","(714) 507-7025","Flemington,Allentown,Vineland,Cherry Hill"
"1022133","Franklinville","US","(not set)","New Jersey","The Northeast","(714) 507-7025","Flemington,Allentown,Vineland,Cherry Hill"
"1022134","Freehold","US","(not set)","New Jersey","The Northeast","(714) 507-7025","Flemington,Allentown,Vineland,Cherry Hill"
"1022135","Frenchtown","US","(not set)","New Jersey","The Northeast","(714) 507-7025","Flemington,Allentown,Vineland,Cherry Hill"
"1022136","Fort Lee","US","(not set)","New Jersey","The Northeast","(714) 507-7025","Flemington,Allentown,Vineland,Cherry Hill"
"1022137","Fort Monmouth","US","(not set)","New Jersey","The Northeast","(714) 507-7025","Flemington,Allentown,Vineland,Cherry Hill"
"1022138","Garfield","US","(not set)","New Jersey","The Northeast","(714) 507-7025","Flemington,Allentown,Vineland,Cherry Hill"
"1022139","Garwood","US","(not set)","New Jersey","The Northeast","(714) 507-7025","Flemington,Allentown,Vineland,Cherry Hill"
"1022140","Gibbsboro","US","(not set)","New Jersey","The Northeast","(714) 507-7025","Flemington,Allentown,Vineland,Cherry Hill"
"1022141","Gibbstown","US","(not set)","New Jersey","The Northeast","(714) 507-7025","Flemington,Allentown,Vineland,Cherry Hill"
"1022142","Gillette","US","(not set)","New Jersey","The Northeast","(714) 507-7025","Flemington,Allentown,Vineland,Cherry Hill"
"1022143","Peapack and Gladstone","US","(not set)","New Jersey","The Northeast","(714) 507-7025","Flemington,Allentown,Vineland,Cherry Hill"
"1022144","Glassboro","US","(not set)","New Jersey","The Northeast","(714) 507-7025","Flemington,Allentown,Vineland,Cherry Hill"
"1022145","Glasser","US","(not set)","New Jersey","The Northeast","(714) 507-7025","Flemington,Allentown,Vineland,Cherry Hill"
"1022146","Glen Gardner","US","(not set)","New Jersey","The Northeast","(714) 507-7025","Flemington,Allentown,Vineland,Cherry Hill"
"1022147","Glen Ridge","US","(not set)","New Jersey","The Northeast","(714) 507-7025","Flemington,Allentown,Vineland,Cherry Hill"
"1022148","Glen Rock","US","(not set)","New Jersey","The Northeast","(714) 507-7025","Flemington,Allentown,Vineland,Cherry Hill"
"1022149","Glendora","US","(not set)","New Jersey","The Northeast","(714) 507-7025","Flemington,Allentown,Vineland,Cherry Hill"
"1022150","Glenwood","US","(not set)","New Jersey","The Northeast","(714) 507-7025","Flemington,Allentown,Vineland,Cherry Hill"
"1022151","Gloucester City","US","(not set)","New Jersey","The Northeast","(714) 507-7025","Flemington,Allentown,Vineland,Cherry Hill"
"1022152","Great Meadows","US","(not set)","New Jersey","The Northeast","(714) 507-7025","Flemington,Allentown,Vineland,Cherry Hill"
"1022153","Green Village","US","(not set)","New Jersey","The Northeast","(714) 507-7025","Flemington,Allentown,Vineland,Cherry Hill"
"1022154","Greenwich","US","(not set)","New Jersey","The Northeast","(714) 507-7025","Flemington,Allentown,Vineland,Cherry Hill"
"1022156","Hackettstown","US","(not set)","New Jersey","The Northeast","(714) 507-7025","Flemington,Allentown,Vineland,Cherry Hill"
"1022157","Haddon Heights","US","(not set)","New Jersey","The Northeast","(714) 507-7025","Flemington,Allentown,Vineland,Cherry Hill"
"1022158","Haddonfield","US","(not set)","New Jersey","The Northeast","(714) 507-7025","Flemington,Allentown,Vineland,Cherry Hill"
"1022159","Hainesport","US","(not set)","New Jersey","The Northeast","(714) 507-7025","Flemington,Allentown,Vineland,Cherry Hill"
"1022161","Hamburg","US","(not set)","New Jersey","The Northeast","(714) 507-7025","Flemington,Allentown,Vineland,Cherry Hill"
"1022162","Hammonton","US","(not set)","New Jersey","The Northeast","(714) 507-7025","Flemington,Allentown,Vineland,Cherry Hill"
"1022163","Hampton","US","(not set)","New Jersey","The Northeast","(714) 507-7025","Flemington,Allentown,Vineland,Cherry Hill"
"1022164","Harrington Park","US","(not set)","New Jersey","The Northeast","(714) 507-7025","Flemington,Allentown,Vineland,Cherry Hill"
"1022165","Harrison","US","(not set)","New Jersey","The Northeast","(714) 507-7025","Flemington,Allentown,Vineland,Cherry Hill"
"1022166","Harrisonville","US","(not set)","New Jersey","The Northeast","(714) 507-7025","Flemington,Allentown,Vineland,Cherry Hill"
"1022167","Hasbrouck Heights","US","(not set)","New Jersey","The Northeast","(714) 507-7025","Flemington,Allentown,Vineland,Cherry Hill"
"1022168","Haskell","US","(not set)","New Jersey","The Northeast","(714) 507-7025","Flemington,Allentown,Vineland,Cherry Hill"
"1022169","Haworth","US","(not set)","New Jersey","The Northeast","(714) 507-7025","Flemington,Allentown,Vineland,Cherry Hill"
"1022171","Hazlet","US","(not set)","New Jersey","The Northeast","(714) 507-7025","Flemington,Allentown,Vineland,Cherry Hill"
"1022172","Heislerville","US","(not set)","New Jersey","The Northeast","(714) 507-7025","Flemington,Allentown,Vineland,Cherry Hill"
"1022173","Helmetta","US","(not set)","New Jersey","The Northeast","(714) 507-7025","Flemington,Allentown,Vineland,Cherry Hill"
"1022174","Hewitt","US","(not set)","New Jersey","The Northeast","(714) 507-7025","Flemington,Allentown,Vineland,Cherry Hill"
"1022175","High Bridge","US","(not set)","New Jersey","The Northeast","(714) 507-7025","Flemington,Allentown,Vineland,Cherry Hill"
"1022176","Highland Park","US","(not set)","New Jersey","The Northeast","(714) 507-7025","Flemington,Allentown,Vineland,Cherry Hill"
"1022177","Highlands","US","(not set)","New Jersey","The Northeast","(714) 507-7025","Flemington,Allentown,Vineland,Cherry Hill"
"1022178","Hightstown","US","(not set)","New Jersey","The Northeast","(714) 507-7025","Flemington,Allentown,Vineland,Cherry Hill"
"1022179","Hillsborough Township","US","(not set)","New Jersey","The Northeast","(714) 507-7025","Flemington,Allentown,Vineland,Cherry Hill"
"1022180","Hillsdale","US","(not set)","New Jersey","The Northeast","(714) 507-7025","Flemington,Allentown,Vineland,Cherry Hill"
"1022181","Hillside","US","(not set)","New Jersey","The Northeast","(714) 507-7025","Flemington,Allentown,Vineland,Cherry Hill"
"1022182","Ho-Ho-Kus","US","(not set)","New Jersey","The Northeast","(714) 507-7025","Flemington,Allentown,Vineland,Cherry Hill"
"1022183","Hoboken","US","(not set)","New Jersey","The Northeast","(714) 507-7025","Flemington,Allentown,Vineland,Cherry Hill"
"1022184","Holmdel","US","(not set)","New Jersey","The Northeast","(714) 507-7025","Flemington,Allentown,Vineland,Cherry Hill"
"1022185","Hopatcong","US","(not set)","New Jersey","The Northeast","(714) 507-7025","Flemington,Allentown,Vineland,Cherry Hill"
"1022186","Hope","US","(not set)","New Jersey","The Northeast","(714) 507-7025","Flemington,Allentown,Vineland,Cherry Hill"
"1022187","Hopewell","US","(not set)","New Jersey","The Northeast","(714) 507-7025","Flemington,Allentown,Vineland,Cherry Hill"
"1022188","Howell Township","US","(not set)","New Jersey","The Northeast","(714) 507-7025","Flemington,Allentown,Vineland,Cherry Hill"
"1022189","Hunterdon County","US","(not set)","New Jersey","The Northeast","(714) 507-7025","Flemington,Allentown,Vineland,Cherry Hill"
"1022190","Irvington","US","(not set)","New Jersey","The Northeast","(714) 507-7025","Flemington,Allentown,Vineland,Cherry Hill"
"1022191","Iselin","US","(not set)","New Jersey","The Northeast","(714) 507-7025","Flemington,Allentown,Vineland,Cherry Hill"
"1022192","Island Heights","US","(not set)","New Jersey","The Northeast","(714) 507-7025","Flemington,Allentown,Vineland,Cherry Hill"
"1022193","Jackson Township","US","(not set)","New Jersey","The Northeast","(714) 507-7025","Flemington,Allentown,Vineland,Cherry Hill"
"1022195","Johnsonburg","US","(not set)","New Jersey","The Northeast","(714) 507-7025","Flemington,Allentown,Vineland,Cherry Hill"
"1022196","Keansburg","US","(not set)","New Jersey","The Northeast","(714) 507-7025","Flemington,Allentown,Vineland,Cherry Hill"
"1022197","Kearny","US","(not set)","New Jersey","The Northeast","(714) 507-7025","Flemington,Allentown,Vineland,Cherry Hill"
"1022198","Keasbey","US","(not set)","New Jersey","The Northeast","(714) 507-7025","Flemington,Allentown,Vineland,Cherry Hill"
"1022199","Kendall Park","US","(not set)","New Jersey","The Northeast","(714) 507-7025","Flemington,Allentown,Vineland,Cherry Hill"
"1022200","Kenilworth","US","(not set)","New Jersey","The Northeast","(714) 507-7025","Flemington,Allentown,Vineland,Cherry Hill"
"1022201","Kenvil","US","(not set)","New Jersey","The Northeast","(714) 507-7025","Flemington,Allentown,Vineland,Cherry Hill"
"1022202","Keyport","US","(not set)","New Jersey","The Northeast","(714) 507-7025","Flemington,Allentown,Vineland,Cherry Hill"
"1022203","Kingston","US","(not set)","New Jersey","The Northeast","(714) 507-7025","Flemington,Allentown,Vineland,Cherry Hill"
"1022204","Lafayette Township","US","(not set)","New Jersey","The Northeast","(714) 507-7025","Flemington,Allentown,Vineland,Cherry Hill"
"1022205","Lake Hiawatha","US","(not set)","New Jersey","The Northeast","(714) 507-7025","Flemington,Allentown,Vineland,Cherry Hill"
"1022206","Lake Hopatcong","US","(not set)","New Jersey","The Northeast","(714) 507-7025","Flemington,Allentown,Vineland,Cherry Hill"
"1022207","Lakehurst","US","(not set)","New Jersey","The Northeast","(714) 507-7025","Flemington,Allentown,Vineland,Cherry Hill"
"1022208","Lakewood","US","(not set)","New Jersey","The Northeast","(714) 507-7025","Flemington,Allentown,Vineland,Cherry Hill"
"1022209","Lambertville","US","(not set)","New Jersey","The Northeast","(714) 507-7025","Flemington,Allentown,Vineland,Cherry Hill"
"1022210","Landing","US","(not set)","New Jersey","The Northeast","(714) 507-7025","Flemington,Allentown,Vineland,Cherry Hill"
"1022211","Landisville","US","(not set)","New Jersey","The Northeast","(714) 507-7025","Flemington,Allentown,Vineland,Cherry Hill"
"1022212","Lanoka Harbor","US","(not set)","New Jersey","The Northeast","(714) 507-7025","Flemington,Allentown,Vineland,Cherry Hill"
"1022213","Lavallette","US","(not set)","New Jersey","The Northeast","(714) 507-7025","Flemington,Allentown,Vineland,Cherry Hill"
"1022214","Lawnside","US","(not set)","New Jersey","The Northeast","(714) 507-7025","Flemington,Allentown,Vineland,Cherry Hill"
"1022215","Lebanon","US","(not set)","New Jersey","The Northeast","(714) 507-7025","Flemington,Allentown,Vineland,Cherry Hill"
"1022216","Ledgewood","US","(not set)","New Jersey","The Northeast","(714) 507-7025","Flemington,Allentown,Vineland,Cherry Hill"
"1022217","Leesburg","US","(not set)","New Jersey","The Northeast","(714) 507-7025","Flemington,Allentown,Vineland,Cherry Hill"
"1022218","Leonia","US","(not set)","New Jersey","The Northeast","(714) 507-7025","Flemington,Allentown,Vineland,Cherry Hill"
"1022220","Lincoln Park","US","(not set)","New Jersey","The Northeast","(714) 507-7025","Flemington,Allentown,Vineland,Cherry Hill"
"1022221","Lincroft","US","(not set)","New Jersey","The Northeast","(714) 507-7025","Flemington,Allentown,Vineland,Cherry Hill"
"1022222","Linden","US","(not set)","New Jersey","The Northeast","(714) 507-7025","Flemington,Allentown,Vineland,Cherry Hill"
"1022223","Linwood","US","(not set)","New Jersey","The Northeast","(714) 507-7025","Flemington,Allentown,Vineland,Cherry Hill"
"1022224","Little Falls","US","(not set)","New Jersey","The Northeast","(714) 507-7025","Flemington,Allentown,Vineland,Cherry Hill"
"1022225","Little Ferry","US","(not set)","New Jersey","The Northeast","(714) 507-7025","Flemington,Allentown,Vineland,Cherry Hill"
"1022226","Little Silver","US","(not set)","New Jersey","The Northeast","(714) 507-7025","Flemington,Allentown,Vineland,Cherry Hill"
"1022228","Livingston","US","(not set)","New Jersey","The Northeast","(714) 507-7025","Flemington,Allentown,Vineland,Cherry Hill"
"1022229","Lodi","US","(not set)","New Jersey","The Northeast","(714) 507-7025","Flemington,Allentown,Vineland,Cherry Hill"
"1022230","Long Branch","US","(not set)","New Jersey","The Northeast","(714) 507-7025","Flemington,Allentown,Vineland,Cherry Hill"
"1022231","Long Valley","US","(not set)","New Jersey","The Northeast","(714) 507-7025","Flemington,Allentown,Vineland,Cherry Hill"
"1022232","Longport","US","(not set)","New Jersey","The Northeast","(714) 507-7025","Flemington,Allentown,Vineland,Cherry Hill"
"1022233","Lumberton","US","(not set)","New Jersey","The Northeast","(714) 507-7025","Flemington,Allentown,Vineland,Cherry Hill"
"1022234","Lyndhurst","US","(not set)","New Jersey","The Northeast","(714) 507-7025","Flemington,Allentown,Vineland,Cherry Hill"
"1022235","Madison","US","(not set)","New Jersey","The Northeast","(714) 507-7025","Flemington,Allentown,Vineland,Cherry Hill"
"1022236","Magnolia","US","(not set)","New Jersey","The Northeast","(714) 507-7025","Flemington,Allentown,Vineland,Cherry Hill"
"1022237","Mahwah","US","(not set)","New Jersey","The Northeast","(714) 507-7025","Flemington,Allentown,Vineland,Cherry Hill"
"1022238","Malaga","US","(not set)","New Jersey","The Northeast","(714) 507-7025","Flemington,Allentown,Vineland,Cherry Hill"
"1022239","Manahawkin","US","(not set)","New Jersey","The Northeast","(714) 507-7025","Flemington,Allentown,Vineland,Cherry Hill"
"1022240","Manasquan","US","(not set)","New Jersey","The Northeast","(714) 507-7025","Flemington,Allentown,Vineland,Cherry Hill"
"1022241","Mantua Township","US","(not set)","New Jersey","The Northeast","(714) 507-7025","Flemington,Allentown,Vineland,Cherry Hill"
"1022242","Manville","US","(not set)","New Jersey","The Northeast","(714) 507-7025","Flemington,Allentown,Vineland,Cherry Hill"
"1022243","Maple Shade Township","US","(not set)","New Jersey","The Northeast","(714) 507-7025","Flemington,Allentown,Vineland,Cherry Hill"
"1022244","Maplewood","US","(not set)","New Jersey","The Northeast","(714) 507-7025","Flemington,Allentown,Vineland,Cherry Hill"
"1022245","Margate City","US","(not set)","New Jersey","The Northeast","(714) 507-7025","Flemington,Allentown,Vineland,Cherry Hill"
"1022246","Marlboro Township","US","(not set)","New Jersey","The Northeast","(714) 507-7025","Flemington,Allentown,Vineland,Cherry Hill"
"1022247","Marlton","US","(not set)","New Jersey","The Northeast","(714) 507-7025","Flemington,Allentown,Vineland,Cherry Hill"
"1022248","Marmora","US","(not set)","New Jersey","The Northeast","(714) 507-7025","Flemington,Allentown,Vineland,Cherry Hill"
"1022249","Martinsville","US","(not set)","New Jersey","The Northeast","(714) 507-7025","Flemington,Allentown,Vineland,Cherry Hill"
"1022250","Matawan","US","(not set)","New Jersey","The Northeast","(714) 507-7025","Flemington,Allentown,Vineland,Cherry Hill"
"1022251","Mays Landing","US","(not set)","New Jersey","The Northeast","(714) 507-7025","Flemington,Allentown,Vineland,Cherry Hill"
"1022252","Maywood","US","(not set)","New Jersey","The Northeast","(714) 507-7025","Flemington,Allentown,Vineland,Cherry Hill"
"1022253","McAfee","US","(not set)","New Jersey","The Northeast","(714) 507-7025","Flemington,Allentown,Vineland,Cherry Hill"
"1022254","Medford","US","(not set)","New Jersey","The Northeast","(714) 507-7025","Flemington,Allentown,Vineland,Cherry Hill"
"1022255","Mendham","US","(not set)","New Jersey","The Northeast","(714) 507-7025","Flemington,Allentown,Vineland,Cherry Hill"
"1022256","Merchantville","US","(not set)","New Jersey","The Northeast","(714) 507-7025","Flemington,Allentown,Vineland,Cherry Hill"
"1022257","Metuchen","US","(not set)","New Jersey","The Northeast","(714) 507-7025","Flemington,Allentown,Vineland,Cherry Hill"
"1022258","Mickleton","US","(not set)","New Jersey","The Northeast","(714) 507-7025","Flemington,Allentown,Vineland,Cherry Hill"
"1022259","Middlesex","US","(not set)","New Jersey","The Northeast","(714) 507-7025","Flemington,Allentown,Vineland,Cherry Hill"
"1022260","Middletown","US","(not set)","New Jersey","The Northeast","(714) 507-7025","Flemington,Allentown,Vineland,Cherry Hill"
"1022261","Midland Park","US","(not set)","New Jersey","The Northeast","(714) 507-7025","Flemington,Allentown,Vineland,Cherry Hill"
"1022262","Milford","US","(not set)","New Jersey","The Northeast","(714) 507-7025","Flemington,Allentown,Vineland,Cherry Hill"
"1022263","Millburn","US","(not set)","New Jersey","The Northeast","(714) 507-7025","Flemington,Allentown,Vineland,Cherry Hill"
"1022264","Millington","US","(not set)","New Jersey","The Northeast","(714) 507-7025","Flemington,Allentown,Vineland,Cherry Hill"
"1022265","Milltown","US","(not set)","New Jersey","The Northeast","(714) 507-7025","Flemington,Allentown,Vineland,Cherry Hill"
"1022266","Millville","US","(not set)","New Jersey","The Northeast","(714) 507-7025","Flemington,Allentown,Vineland,Cherry Hill"
"1022267","Milmay","US","(not set)","New Jersey","The Northeast","(714) 507-7025","Flemington,Allentown,Vineland,Cherry Hill"
"1022268","Mine Hill Township","US","(not set)","New Jersey","The Northeast","(714) 507-7025","Flemington,Allentown,Vineland,Cherry Hill"
"1022269","Monmouth Junction","US","(not set)","New Jersey","The Northeast","(714) 507-7025","Flemington,Allentown,Vineland,Cherry Hill"
"1022271","Monroeville","US","(not set)","New Jersey","The Northeast","(714) 507-7025","Flemington,Allentown,Vineland,Cherry Hill"
"1022272","Montague Township","US","(not set)","New Jersey","The Northeast","(714) 507-7025","Flemington,Allentown,Vineland,Cherry Hill"
"1022273","Montclair","US","(not set)","New Jersey","The Northeast","(714) 507-7025","Flemington,Allentown,Vineland,Cherry Hill"
"1022274","Montvale","US","(not set)","New Jersey","The Northeast","(714) 507-7025","Flemington,Allentown,Vineland,Cherry Hill"
"1022275","Montville","US","(not set)","New Jersey","The Northeast","(714) 507-7025","Flemington,Allentown,Vineland,Cherry Hill"
"1022276","Moonachie","US","(not set)","New Jersey","The Northeast","(714) 507-7025","Flemington,Allentown,Vineland,Cherry Hill"
"1022277","Moorestown","US","(not set)","New Jersey","The Northeast","(714) 507-7025","Flemington,Allentown,Vineland,Cherry Hill"
"1022278","Morganville","US","(not set)","New Jersey","The Northeast","(714) 507-7025","Flemington,Allentown,Vineland,Cherry Hill"
"1022279","Morris Plains","US","(not set)","New Jersey","The Northeast","(714) 507-7025","Flemington,Allentown,Vineland,Cherry Hill"
"1022281","Mount Arlington","US","(not set)","New Jersey","The Northeast","(714) 507-7025","Flemington,Allentown,Vineland,Cherry Hill"
"1022282","Mount Ephraim","US","(not set)","New Jersey","The Northeast","(714) 507-7025","Flemington,Allentown,Vineland,Cherry Hill"
"1022284","Mount Holly","US","(not set)","New Jersey","The Northeast","(714) 507-7025","Flemington,Allentown,Vineland,Cherry Hill"
"1022285","Mount Laurel Township","US","(not set)","New Jersey","The Northeast","(714) 507-7025","Flemington,Allentown,Vineland,Cherry Hill"
"1022286","Mountain Lakes","US","(not set)","New Jersey","The Northeast","(714) 507-7025","Flemington,Allentown,Vineland,Cherry Hill"
"1022287","Mountainside","US","(not set)","New Jersey","The Northeast","(714) 507-7025","Flemington,Allentown,Vineland,Cherry Hill"
"1022288","Mullica Hill","US","(not set)","New Jersey","The Northeast","(714) 507-7025","Flemington,Allentown,Vineland,Cherry Hill"
"1022289","National Park","US","(not set)","New Jersey","The Northeast","(714) 507-7025","Flemington,Allentown,Vineland,Cherry Hill"
"1022291","Neptune City","US","(not set)","New Jersey","The Northeast","(714) 507-7025","Flemington,Allentown,Vineland,Cherry Hill"
"1022292","Neshanic Station","US","(not set)","New Jersey","The Northeast","(714) 507-7025","Flemington,Allentown,Vineland,Cherry Hill"
"1022293","Netcong","US","(not set)","New Jersey","The Northeast","(714) 507-7025","Flemington,Allentown,Vineland,Cherry Hill"
"1022295","New Egypt","US","(not set)","New Jersey","The Northeast","(714) 507-7025","Flemington,Allentown,Vineland,Cherry Hill"
"1022296","New Gretna","US","(not set)","New Jersey","The Northeast","(714) 507-7025","Flemington,Allentown,Vineland,Cherry Hill"
"1022297","New Milford","US","(not set)","New Jersey","The Northeast","(714) 507-7025","Flemington,Allentown,Vineland,Cherry Hill"
"1022298","New Providence","US","(not set)","New Jersey","The Northeast","(714) 507-7025","Flemington,Allentown,Vineland,Cherry Hill"
"1022299","New Vernon","US","(not set)","New Jersey","The Northeast","(714) 507-7025","Flemington,Allentown,Vineland,Cherry Hill"
"1022301","Newfield","US","(not set)","New Jersey","The Northeast","(714) 507-7025","Flemington,Allentown,Vineland,Cherry Hill"
"1022302","Newfoundland","US","(not set)","New Jersey","The Northeast","(714) 507-7025","Flemington,Allentown,Vineland,Cherry Hill"
"1022303","Newton","US","(not set)","New Jersey","The Northeast","(714) 507-7025","Flemington,Allentown,Vineland,Cherry Hill"
"1022304","North Arlington","US","(not set)","New Jersey","The Northeast","(714) 507-7025","Flemington,Allentown,Vineland,Cherry Hill"
"1022305","North Bergen","US","(not set)","New Jersey","The Northeast","(714) 507-7025","Flemington,Allentown,Vineland,Cherry Hill"
"1022306","North Brunswick Township","US","(not set)","New Jersey","The Northeast","(714) 507-7025","Flemington,Allentown,Vineland,Cherry Hill"
"1022307","Northfield","US","(not set)","New Jersey","The Northeast","(714) 507-7025","Flemington,Allentown,Vineland,Cherry Hill"
"1022308","Northvale","US","(not set)","New Jersey","The Northeast","(714) 507-7025","Flemington,Allentown,Vineland,Cherry Hill"
"1022309","Norwood","US","(not set)","New Jersey","The Northeast","(714) 507-7025","Flemington,Allentown,Vineland,Cherry Hill"
"1022310","Nutley","US","(not set)","New Jersey","The Northeast","(714) 507-7025","Flemington,Allentown,Vineland,Cherry Hill"
"1022311","Oak Ridge","US","(not set)","New Jersey","The Northeast","(714) 507-7025","Flemington,Allentown,Vineland,Cherry Hill"
"1022312","Oakhurst","US","(not set)","New Jersey","The Northeast","(714) 507-7025","Flemington,Allentown,Vineland,Cherry Hill"
"1022313","Oakland","US","(not set)","New Jersey","The Northeast","(714) 507-7025","Flemington,Allentown,Vineland,Cherry Hill"
"1022314","Oaklyn","US","(not set)","New Jersey","The Northeast","(714) 507-7025","Flemington,Allentown,Vineland,Cherry Hill"
"1022315","Ocean City","US","(not set)","New Jersey","The Northeast","(714) 507-7025","Flemington,Allentown,Vineland,Cherry Hill"
"1022316","Ocean Grove","US","(not set)","New Jersey","The Northeast","(714) 507-7025","Flemington,Allentown,Vineland,Cherry Hill"
"1022317","Oceanport","US","(not set)","New Jersey","The Northeast","(714) 507-7025","Flemington,Allentown,Vineland,Cherry Hill"
"1022318","Ogdensburg","US","(not set)","New Jersey","The Northeast","(714) 507-7025","Flemington,Allentown,Vineland,Cherry Hill"
"1022319","Old Bridge","US","(not set)","New Jersey","The Northeast","(714) 507-7025","Flemington,Allentown,Vineland,Cherry Hill"
"1022321","Oradell","US","(not set)","New Jersey","The Northeast","(714) 507-7025","Flemington,Allentown,Vineland,Cherry Hill"
"1022322","City of Orange","US","(not set)","New Jersey","The Northeast","(714) 507-7025","Flemington,Allentown,Vineland,Cherry Hill"
"1022323","Oxford","US","(not set)","New Jersey","The Northeast","(714) 507-7025","Flemington,Allentown,Vineland,Cherry Hill"
"1022324","Palisades Park","US","(not set)","New Jersey","The Northeast","(714) 507-7025","Flemington,Allentown,Vineland,Cherry Hill"
"1022325","Palmyra","US","(not set)","New Jersey","The Northeast","(714) 507-7025","Flemington,Allentown,Vineland,Cherry Hill"
"1022327","Park Ridge","US","(not set)","New Jersey","The Northeast","(714) 507-7025","Flemington,Allentown,Vineland,Cherry Hill"
"1022328","Parlin","US","(not set)","New Jersey","The Northeast","(714) 507-7025","Flemington,Allentown,Vineland,Cherry Hill"
"1022329","Parsippany-Troy Hills","US","(not set)","New Jersey","The Northeast","(714) 507-7025","Flemington,Allentown,Vineland,Cherry Hill"
"1022330","Passaic","US","(not set)","New Jersey","The Northeast","(714) 507-7025","Flemington,Allentown,Vineland,Cherry Hill"
"1022332","Paulsboro","US","(not set)","New Jersey","The Northeast","(714) 507-7025","Flemington,Allentown,Vineland,Cherry Hill"
"1022333","Peapack","US","(not set)","New Jersey","The Northeast","(714) 507-7025","Flemington,Allentown,Vineland,Cherry Hill"
"1022334","Pedricktown","US","(not set)","New Jersey","The Northeast","(714) 507-7025","Flemington,Allentown,Vineland,Cherry Hill"
"1022335","Pemberton","US","(not set)","New Jersey","The Northeast","(714) 507-7025","Flemington,Allentown,Vineland,Cherry Hill"
"1022336","Pennington","US","(not set)","New Jersey","The Northeast","(714) 507-7025","Flemington,Allentown,Vineland,Cherry Hill"
"1022337","Penns Grove","US","(not set)","New Jersey","The Northeast","(714) 507-7025","Flemington,Allentown,Vineland,Cherry Hill"
"1022338","Pennsauken Township","US","(not set)","New Jersey","The Northeast","(714) 507-7025","Flemington,Allentown,Vineland,Cherry Hill"
"1022339","Pennsville","US","(not set)","New Jersey","The Northeast","(714) 507-7025","Flemington,Allentown,Vineland,Cherry Hill"
"1022340","Pequannock Township","US","(not set)","New Jersey","The Northeast","(714) 507-7025","Flemington,Allentown,Vineland,Cherry Hill"
"1022342","Phillipsburg","US","(not set)","New Jersey","The Northeast","(714) 507-7025","Flemington,Allentown,Vineland,Cherry Hill"
"1022344","Pine Brook","US","(not set)","New Jersey","The Northeast","(714) 507-7025","Flemington,Allentown,Vineland,Cherry Hill"
"1022346","Pitman","US","(not set)","New Jersey","The Northeast","(714) 507-7025","Flemington,Allentown,Vineland,Cherry Hill"
"1022347","Pittstown","US","(not set)","New Jersey","The Northeast","(714) 507-7025","Flemington,Allentown,Vineland,Cherry Hill"
"1022349","Plainsboro Township","US","(not set)","New Jersey","The Northeast","(714) 507-7025","Flemington,Allentown,Vineland,Cherry Hill"
"1022350","Pleasantville","US","(not set)","New Jersey","The Northeast","(714) 507-7025","Flemington,Allentown,Vineland,Cherry Hill"
"1022352","Point Pleasant Beach","US","(not set)","New Jersey","The Northeast","(714) 507-7025","Flemington,Allentown,Vineland,Cherry Hill"
"1022353","Pomona","US","(not set)","New Jersey","The Northeast","(714) 507-7025","Flemington,Allentown,Vineland,Cherry Hill"
"1022354","Pompton Lakes","US","(not set)","New Jersey","The Northeast","(714) 507-7025","Flemington,Allentown,Vineland,Cherry Hill"
"1022355","Pompton Plains","US","(not set)","New Jersey","The Northeast","(714) 507-7025","Flemington,Allentown,Vineland,Cherry Hill"
"1022356","Port Murray","US","(not set)","New Jersey","The Northeast","(714) 507-7025","Flemington,Allentown,Vineland,Cherry Hill"
"1022357","Port Norris","US","(not set)","New Jersey","The Northeast","(714) 507-7025","Flemington,Allentown,Vineland,Cherry Hill"
"1022358","Port Reading","US","(not set)","New Jersey","The Northeast","(714) 507-7025","Flemington,Allentown,Vineland,Cherry Hill"
"1022359","Port Republic","US","(not set)","New Jersey","The Northeast","(714) 507-7025","Flemington,Allentown,Vineland,Cherry Hill"
"1022360","Pottersville","US","(not set)","New Jersey","The Northeast","(714) 507-7025","Flemington,Allentown,Vineland,Cherry Hill"
"1022362","Princeton Junction","US","(not set)","New Jersey","The Northeast","(714) 507-7025","Flemington,Allentown,Vineland,Cherry Hill"
"1022364","Rahway","US","(not set)","New Jersey","The Northeast","(714) 507-7025","Flemington,Allentown,Vineland,Cherry Hill"
"1022365","Ramsey","US","(not set)","New Jersey","The Northeast","(714) 507-7025","Flemington,Allentown,Vineland,Cherry Hill"
"1022366","Rancocas","US","(not set)","New Jersey","The Northeast","(714) 507-7025","Flemington,Allentown,Vineland,Cherry Hill"
"1022367","Randolph","US","(not set)","New Jersey","The Northeast","(714) 507-7025","Flemington,Allentown,Vineland,Cherry Hill"
"1022368","Raritan","US","(not set)","New Jersey","The Northeast","(714) 507-7025","Flemington,Allentown,Vineland,Cherry Hill"
"1022369","Readington Township","US","(not set)","New Jersey","The Northeast","(714) 507-7025","Flemington,Allentown,Vineland,Cherry Hill"
"1022371","Richland","US","(not set)","New Jersey","The Northeast","(714) 507-7025","Flemington,Allentown,Vineland,Cherry Hill"
"1022372","Ridgefield","US","(not set)","New Jersey","The Northeast","(714) 507-7025","Flemington,Allentown,Vineland,Cherry Hill"
"1022373","Ridgefield Park","US","(not set)","New Jersey","The Northeast","(714) 507-7025","Flemington,Allentown,Vineland,Cherry Hill"
"1022375","Ringoes","US","(not set)","New Jersey","The Northeast","(714) 507-7025","Flemington,Allentown,Vineland,Cherry Hill"
"1022376","Ringwood","US","(not set)","New Jersey","The Northeast","(714) 507-7025","Flemington,Allentown,Vineland,Cherry Hill"
"1022377","Rio Grande","US","(not set)","New Jersey","The Northeast","(714) 507-7025","Flemington,Allentown,Vineland,Cherry Hill"
"1022378","River Edge","US","(not set)","New Jersey","The Northeast","(714) 507-7025","Flemington,Allentown,Vineland,Cherry Hill"
"1022379","Riverdale","US","(not set)","New Jersey","The Northeast","(714) 507-7025","Flemington,Allentown,Vineland,Cherry Hill"
"1022380","Riverside","US","(not set)","New Jersey","The Northeast","(714) 507-7025","Flemington,Allentown,Vineland,Cherry Hill"
"1022382","Rochelle Park","US","(not set)","New Jersey","The Northeast","(714) 507-7025","Flemington,Allentown,Vineland,Cherry Hill"
"1022383","Rockaway","US","(not set)","New Jersey","The Northeast","(714) 507-7025","Flemington,Allentown,Vineland,Cherry Hill"
"1022384","Rocky Hill","US","(not set)","New Jersey","The Northeast","(714) 507-7025","Flemington,Allentown,Vineland,Cherry Hill"
"1022385","Roebling","US","(not set)","New Jersey","The Northeast","(714) 507-7025","Flemington,Allentown,Vineland,Cherry Hill"
"1022386","Roosevelt","US","(not set)","New Jersey","The Northeast","(714) 507-7025","Flemington,Allentown,Vineland,Cherry Hill"
"1022387","Roseland","US","(not set)","New Jersey","The Northeast","(714) 507-7025","Flemington,Allentown,Vineland,Cherry Hill"
"1022388","Roselle","US","(not set)","New Jersey","The Northeast","(714) 507-7025","Flemington,Allentown,Vineland,Cherry Hill"
"1022389","Roselle Park","US","(not set)","New Jersey","The Northeast","(714) 507-7025","Flemington,Allentown,Vineland,Cherry Hill"
"1022390","Rosenhayn","US","(not set)","New Jersey","The Northeast","(714) 507-7025","Flemington,Allentown,Vineland,Cherry Hill"
"1022391","Rumson","US","(not set)","New Jersey","The Northeast","(714) 507-7025","Flemington,Allentown,Vineland,Cherry Hill"
"1022392","Runnemede","US","(not set)","New Jersey","The Northeast","(714) 507-7025","Flemington,Allentown,Vineland,Cherry Hill"
"1022393","Rutherford","US","(not set)","New Jersey","The Northeast","(714) 507-7025","Flemington,Allentown,Vineland,Cherry Hill"
"1022394","Saddle Brook","US","(not set)","New Jersey","The Northeast","(714) 507-7025","Flemington,Allentown,Vineland,Cherry Hill"
"1022395","Saddle River","US","(not set)","New Jersey","The Northeast","(714) 507-7025","Flemington,Allentown,Vineland,Cherry Hill"
"1022396","Salem","US","(not set)","New Jersey","The Northeast","(714) 507-7025","Flemington,Allentown,Vineland,Cherry Hill"
"1022398","Scotch Plains","US","(not set)","New Jersey","The Northeast","(714) 507-7025","Flemington,Allentown,Vineland,Cherry Hill"
"1022399","Sea Girt","US","(not set)","New Jersey","The Northeast","(714) 507-7025","Flemington,Allentown,Vineland,Cherry Hill"
"1022400","Sea Isle City","US","(not set)","New Jersey","The Northeast","(714) 507-7025","Flemington,Allentown,Vineland,Cherry Hill"
"1022401","Seaside Heights","US","(not set)","New Jersey","The Northeast","(714) 507-7025","Flemington,Allentown,Vineland,Cherry Hill"
"1022402","Seaside Park","US","(not set)","New Jersey","The Northeast","(714) 507-7025","Flemington,Allentown,Vineland,Cherry Hill"
"1022404","Sewaren","US","(not set)","New Jersey","The Northeast","(714) 507-7025","Flemington,Allentown,Vineland,Cherry Hill"
"1022405","Sewell","US","(not set)","New Jersey","The Northeast","(714) 507-7025","Flemington,Allentown,Vineland,Cherry Hill"
"1022406","Short Hills","US","(not set)","New Jersey","The Northeast","(714) 507-7025","Flemington,Allentown,Vineland,Cherry Hill"
"1022407","Shrewsbury","US","(not set)","New Jersey","The Northeast","(714) 507-7025","Flemington,Allentown,Vineland,Cherry Hill"
"1022408","Sicklerville","US","(not set)","New Jersey","The Northeast","(714) 507-7025","Flemington,Allentown,Vineland,Cherry Hill"
"1022409","Skillman","US","(not set)","New Jersey","The Northeast","(714) 507-7025","Flemington,Allentown,Vineland,Cherry Hill"
"1022410","Somerdale","US","(not set)","New Jersey","The Northeast","(714) 507-7025","Flemington,Allentown,Vineland,Cherry Hill"
"1022411","Somers Point","US","(not set)","New Jersey","The Northeast","(714) 507-7025","Flemington,Allentown,Vineland,Cherry Hill"
"1022413","Somerville","US","(not set)","New Jersey","The Northeast","(714) 507-7025","Flemington,Allentown,Vineland,Cherry Hill"
"1022414","South Amboy","US","(not set)","New Jersey","The Northeast","(714) 507-7025","Flemington,Allentown,Vineland,Cherry Hill"
"1022415","South Bound Brook","US","(not set)","New Jersey","The Northeast","(714) 507-7025","Flemington,Allentown,Vineland,Cherry Hill"
"1022416","South Hackensack","US","(not set)","New Jersey","The Northeast","(714) 507-7025","Flemington,Allentown,Vineland,Cherry Hill"
"1022417","South Orange","US","(not set)","New Jersey","The Northeast","(714) 507-7025","Flemington,Allentown,Vineland,Cherry Hill"
"1022418","South Plainfield","US","(not set)","New Jersey","The Northeast","(714) 507-7025","Flemington,Allentown,Vineland,Cherry Hill"
"1022419","South River","US","(not set)","New Jersey","The Northeast","(714) 507-7025","Flemington,Allentown,Vineland,Cherry Hill"
"1022420","Sparta Township","US","(not set)","New Jersey","The Northeast","(714) 507-7025","Flemington,Allentown,Vineland,Cherry Hill"
"1022421","Spotswood","US","(not set)","New Jersey","The Northeast","(714) 507-7025","Flemington,Allentown,Vineland,Cherry Hill"
"1022422","Spring Lake","US","(not set)","New Jersey","The Northeast","(714) 507-7025","Flemington,Allentown,Vineland,Cherry Hill"
"1022423","Springfield Township","US","(not set)","New Jersey","The Northeast","(714) 507-7025","Flemington,Allentown,Vineland,Cherry Hill"
"1022424","Stanhope","US","(not set)","New Jersey","The Northeast","(714) 507-7025","Flemington,Allentown,Vineland,Cherry Hill"
"1022425","Stewartsville","US","(not set)","New Jersey","The Northeast","(714) 507-7025","Flemington,Allentown,Vineland,Cherry Hill"
"1022426","Stillwater Township","US","(not set)","New Jersey","The Northeast","(714) 507-7025","Flemington,Allentown,Vineland,Cherry Hill"
"1022427","Stirling","US","(not set)","New Jersey","The Northeast","(714) 507-7025","Flemington,Allentown,Vineland,Cherry Hill"
"1022428","Stockholm","US","(not set)","New Jersey","The Northeast","(714) 507-7025","Flemington,Allentown,Vineland,Cherry Hill"
"1022429","Stockton","US","(not set)","New Jersey","The Northeast","(714) 507-7025","Flemington,Allentown,Vineland,Cherry Hill"
"1022430","Stone Harbor","US","(not set)","New Jersey","The Northeast","(714) 507-7025","Flemington,Allentown,Vineland,Cherry Hill"
"1022431","Stratford","US","(not set)","New Jersey","The Northeast","(714) 507-7025","Flemington,Allentown,Vineland,Cherry Hill"
"1022432","Succasunna","US","(not set)","New Jersey","The Northeast","(714) 507-7025","Flemington,Allentown,Vineland,Cherry Hill"
"1022434","Sussex","US","(not set)","New Jersey","The Northeast","(714) 507-7025","Flemington,Allentown,Vineland,Cherry Hill"
"1022435","Swedesboro","US","(not set)","New Jersey","The Northeast","(714) 507-7025","Flemington,Allentown,Vineland,Cherry Hill"
"1022436","Teaneck","US","(not set)","New Jersey","The Northeast","(714) 507-7025","Flemington,Allentown,Vineland,Cherry Hill"
"1022437","Tenafly","US","(not set)","New Jersey","The Northeast","(714) 507-7025","Flemington,Allentown,Vineland,Cherry Hill"
"1022438","Teterboro","US","(not set)","New Jersey","The Northeast","(714) 507-7025","Flemington,Allentown,Vineland,Cherry Hill"
"1022439","Thorofare","US","(not set)","New Jersey","The Northeast","(714) 507-7025","Flemington,Allentown,Vineland,Cherry Hill"
"1022440","Three Bridges","US","(not set)","New Jersey","The Northeast","(714) 507-7025","Flemington,Allentown,Vineland,Cherry Hill"
"1022443","Towaco","US","(not set)","New Jersey","The Northeast","(714) 507-7025","Flemington,Allentown,Vineland,Cherry Hill"
"1022445","Tuckerton","US","(not set)","New Jersey","The Northeast","(714) 507-7025","Flemington,Allentown,Vineland,Cherry Hill"
"1022446","Union","US","(not set)","New Jersey","The Northeast","(714) 507-7025","Flemington,Allentown,Vineland,Cherry Hill"
"1022447","Union City","US","(not set)","New Jersey","The Northeast","(714) 507-7025","Flemington,Allentown,Vineland,Cherry Hill"
"1022448","Vauxhall","US","(not set)","New Jersey","The Northeast","(714) 507-7025","Flemington,Allentown,Vineland,Cherry Hill"
"1022449","Ventnor City","US","(not set)","New Jersey","The Northeast","(714) 507-7025","Flemington,Allentown,Vineland,Cherry Hill"
"1022450","Vernon Township","US","(not set)","New Jersey","The Northeast","(714) 507-7025","Flemington,Allentown,Vineland,Cherry Hill"
"1022451","Verona","US","(not set)","New Jersey","The Northeast","(714) 507-7025","Flemington,Allentown,Vineland,Cherry Hill"
"1022452","Vienna","US","(not set)","New Jersey","The Northeast","(714) 507-7025","Flemington,Allentown,Vineland,Cherry Hill"
"1022453","Vincentown","US","(not set)","New Jersey","The Northeast","(714) 507-7025","Flemington,Allentown,Vineland,Cherry Hill"
"1022455","Voorhees Township","US","(not set)","New Jersey","The Northeast","(714) 507-7025","Flemington,Allentown,Vineland,Cherry Hill"
"1022456","Waldwick","US","(not set)","New Jersey","The Northeast","(714) 507-7025","Flemington,Allentown,Vineland,Cherry Hill"
"1022457","Wallington","US","(not set)","New Jersey","The Northeast","(714) 507-7025","Flemington,Allentown,Vineland,Cherry Hill"
"1022458","Walpack Township","US","(not set)","New Jersey","The Northeast","(714) 507-7025","Flemington,Allentown,Vineland,Cherry Hill"
"1022459","Wanaque","US","(not set)","New Jersey","The Northeast","(714) 507-7025","Flemington,Allentown,Vineland,Cherry Hill"
"1022460","Waretown","US","(not set)","New Jersey","The Northeast","(714) 507-7025","Flemington,Allentown,Vineland,Cherry Hill"
"1022461","Warren","US","(not set)","New Jersey","The Northeast","(714) 507-7025","Flemington,Allentown,Vineland,Cherry Hill"
"1022462","Washington","US","(not set)","New Jersey","The Northeast","(714) 507-7025","Flemington,Allentown,Vineland,Cherry Hill"
"1022463","Watchung","US","(not set)","New Jersey","The Northeast","(714) 507-7025","Flemington,Allentown,Vineland,Cherry Hill"
"1022465","Weehawken","US","(not set)","New Jersey","The Northeast","(714) 507-7025","Flemington,Allentown,Vineland,Cherry Hill"
"1022466","West Berlin","US","(not set)","New Jersey","The Northeast","(714) 507-7025","Flemington,Allentown,Vineland,Cherry Hill"
"1022467","West Long Branch","US","(not set)","New Jersey","The Northeast","(714) 507-7025","Flemington,Allentown,Vineland,Cherry Hill"
"1022468","West Milford","US","(not set)","New Jersey","The Northeast","(714) 507-7025","Flemington,Allentown,Vineland,Cherry Hill"
"1022469","West New York","US","(not set)","New Jersey","The Northeast","(714) 507-7025","Flemington,Allentown,Vineland,Cherry Hill"
"1022470","West Orange","US","(not set)","New Jersey","The Northeast","(714) 507-7025","Flemington,Allentown,Vineland,Cherry Hill"
"1022472","Westville","US","(not set)","New Jersey","The Northeast","(714) 507-7025","Flemington,Allentown,Vineland,Cherry Hill"
"1022473","Westwood","US","(not set)","New Jersey","The Northeast","(714) 507-7025","Flemington,Allentown,Vineland,Cherry Hill"
"1022474","Wharton","US","(not set)","New Jersey","The Northeast","(714) 507-7025","Flemington,Allentown,Vineland,Cherry Hill"
"1022476","Whitehouse","US","(not set)","New Jersey","The Northeast","(714) 507-7025","Flemington,Allentown,Vineland,Cherry Hill"
"1022477","Whitehouse Station","US","(not set)","New Jersey","The Northeast","(714) 507-7025","Flemington,Allentown,Vineland,Cherry Hill"
"1022478","Whiting","US","(not set)","New Jersey","The Northeast","(714) 507-7025","Flemington,Allentown,Vineland,Cherry Hill"
"1022479","Wildwood","US","(not set)","New Jersey","The Northeast","(714) 507-7025","Flemington,Allentown,Vineland,Cherry Hill"
"1022480","Williamstown","US","(not set)","New Jersey","The Northeast","(714) 507-7025","Flemington,Allentown,Vineland,Cherry Hill"
"1022481","Willingboro","US","(not set)","New Jersey","The Northeast","(714) 507-7025","Flemington,Allentown,Vineland,Cherry Hill"
"1022483","Wood-Ridge","US","(not set)","New Jersey","The Northeast","(714) 507-7025","Flemington,Allentown,Vineland,Cherry Hill"
"1022484","Woodbine","US","(not set)","New Jersey","The Northeast","(714) 507-7025","Flemington,Allentown,Vineland,Cherry Hill"
"1022485","Woodbridge","US","(not set)","New Jersey","The Northeast","(714) 507-7025","Flemington,Allentown,Vineland,Cherry Hill"
"1022486","Woodbury","US","(not set)","New Jersey","The Northeast","(714) 507-7025","Flemington,Allentown,Vineland,Cherry Hill"
"1022487","Woodbury Heights","US","(not set)","New Jersey","The Northeast","(714) 507-7025","Flemington,Allentown,Vineland,Cherry Hill"
"1022488","Woodcliff Lake","US","(not set)","New Jersey","The Northeast","(714) 507-7025","Flemington,Allentown,Vineland,Cherry Hill"
"1022489","Woodstown","US","(not set)","New Jersey","The Northeast","(714) 507-7025","Flemington,Allentown,Vineland,Cherry Hill"
"1022490","Wrightstown","US","(not set)","New Jersey","The Northeast","(714) 507-7025","Flemington,Allentown,Vineland,Cherry Hill"
"1022491","Wyckoff","US","(not set)","New Jersey","The Northeast","(714) 507-7025","Flemington,Allentown,Vineland,Cherry Hill"
"9040633","NJ-1","US","(not set)","New Jersey","The Northeast","(714) 507-7025","Flemington,Allentown,Vineland,Cherry Hill"
"9040634","NJ-10","US","(not set)","New Jersey","The Northeast","(714) 507-7025","Flemington,Allentown,Vineland,Cherry Hill"
"9040635","NJ-11","US","(not set)","New Jersey","The Northeast","(714) 507-7025","Flemington,Allentown,Vineland,Cherry Hill"
"9040636","NJ-12","US","(not set)","New Jersey","The Northeast","(714) 507-7025","Flemington,Allentown,Vineland,Cherry Hill"
"9040637","NJ-2","US","(not set)","New Jersey","The Northeast","(714) 507-7025","Flemington,Allentown,Vineland,Cherry Hill"
"9040638","NJ-3","US","(not set)","New Jersey","The Northeast","(714) 507-7025","Flemington,Allentown,Vineland,Cherry Hill"
"9040639","NJ-4","US","(not set)","New Jersey","The Northeast","(714) 507-7025","Flemington,Allentown,Vineland,Cherry Hill"
"9040640","NJ-5","US","(not set)","New Jersey","The Northeast","(714) 507-7025","Flemington,Allentown,Vineland,Cherry Hill"
"9040641","NJ-6","US","(not set)","New Jersey","The Northeast","(714) 507-7025","Flemington,Allentown,Vineland,Cherry Hill"
"9040642","NJ-7","US","(not set)","New Jersey","The Northeast","(714) 507-7025","Flemington,Allentown,Vineland,Cherry Hill"
"9040643","NJ-8","US","(not set)","New Jersey","The Northeast","(714) 507-7025","Flemington,Allentown,Vineland,Cherry Hill"
"9040644","NJ-9","US","(not set)","New Jersey","The Northeast","(714) 507-7025","Flemington,Allentown,Vineland,Cherry Hill"
"9041391","Newark Liberty International Airport","US","(not set)","New Jersey","The Northeast","(714) 507-7025","Flemington,Allentown,Vineland,Cherry Hill"
"9041505","Trenton-Mercer Airport","US","(not set)","New Jersey","The Northeast","(714) 507-7025","Flemington,Allentown,Vineland,Cherry Hill"
"9051492","Aberdeen Township","US","(not set)","New Jersey","The Northeast","(714) 507-7025","Flemington,Allentown,Vineland,Cherry Hill"
"9051503","Alexandria","US","(not set)","New Jersey","The Northeast","(714) 507-7025","Flemington,Allentown,Vineland,Cherry Hill"
"9051511","Andover Township","US","(not set)","New Jersey","The Northeast","(714) 507-7025","Flemington,Allentown,Vineland,Cherry Hill"
"9051548","Barnegat Township","US","(not set)","New Jersey","The Northeast","(714) 507-7025","Flemington,Allentown,Vineland,Cherry Hill"
"9051590","Berkeley Township","US","(not set)","New Jersey","The Northeast","(714) 507-7025","Flemington,Allentown,Vineland,Cherry Hill"
"9051592","Berlin Township","US","(not set)","New Jersey","The Northeast","(714) 507-7025","Flemington,Allentown,Vineland,Cherry Hill"
"9051620","Boonton Township","US","(not set)","New Jersey","The Northeast","(714) 507-7025","Flemington,Allentown,Vineland,Cherry Hill"
"9051623","Bordentown Township","US","(not set)","New Jersey","The Northeast","(714) 507-7025","Flemington,Allentown,Vineland,Cherry Hill"
"9051629","Branchburg","US","(not set)","New Jersey","The Northeast","(714) 507-7025","Flemington,Allentown,Vineland,Cherry Hill"
"9051667","Burlington Township","US","(not set)","New Jersey","The Northeast","(714) 507-7025","Flemington,Allentown,Vineland,Cherry Hill"
"9051672","Byram Township","US","(not set)","New Jersey","The Northeast","(714) 507-7025","Flemington,Allentown,Vineland,Cherry Hill"
"9051696","Carneys Point Township","US","(not set)","New Jersey","The Northeast","(714) 507-7025","Flemington,Allentown,Vineland,Cherry Hill"
"9051718","Chatham Township","US","(not set)","New Jersey","The Northeast","(714) 507-7025","Flemington,Allentown,Vineland,Cherry Hill"
"9051722","Chester Township","US","(not set)","New Jersey","The Northeast","(714) 507-7025","Flemington,Allentown,Vineland,Cherry Hill"
"9051724","Chesterfield Township","US","(not set)","New Jersey","The Northeast","(714) 507-7025","Flemington,Allentown,Vineland,Cherry Hill"
"9051735","Cinnaminson","US","(not set)","New Jersey","The Northeast","(714) 507-7025","Flemington,Allentown,Vineland,Cherry Hill"
"9051742","Clinton Township","US","(not set)","New Jersey","The Northeast","(714) 507-7025","Flemington,Allentown,Vineland,Cherry Hill"
"9051785","Cranbury Township","US","(not set)","New Jersey","The Northeast","(714) 507-7025","Flemington,Allentown,Vineland,Cherry Hill"
"9051819","Delran","US","(not set)","New Jersey","The Northeast","(714) 507-7025","Flemington,Allentown,Vineland,Cherry Hill"
"9051821","Dennis","US","(not set)","New Jersey","The Northeast","(714) 507-7025","Flemington,Allentown,Vineland,Cherry Hill"
"9051827","Deptford Township","US","(not set)","New Jersey","The Northeast","(714) 507-7025","Flemington,Allentown,Vineland,Cherry Hill"
"9051857","East Amwell Township","US","(not set)","New Jersey","The Northeast","(714) 507-7025","Flemington,Allentown,Vineland,Cherry Hill"
"9051884","East Windsor","US","(not set)","New Jersey","The Northeast","(714) 507-7025","Flemington,Allentown,Vineland,Cherry Hill"
"9051886","Eastampton Township","US","(not set)","New Jersey","The Northeast","(714) 507-7025","Flemington,Allentown,Vineland,Cherry Hill"
"9051891","Edgewater Park","US","(not set)","New Jersey","The Northeast","(714) 507-7025","Flemington,Allentown,Vineland,Cherry Hill"
"9051915","Evesham Township","US","(not set)","New Jersey","The Northeast","(714) 507-7025","Flemington,Allentown,Vineland,Cherry Hill"
"9051918","Ewing Township","US","(not set)","New Jersey","The Northeast","(714) 507-7025","Flemington,Allentown,Vineland,Cherry Hill"
"9051986","Frankford","US","(not set)","New Jersey","The Northeast","(714) 507-7025","Flemington,Allentown,Vineland,Cherry Hill"
"9051989","Franklin Township","US","(not set)","New Jersey","The Northeast","(714) 507-7025","Flemington,Allentown,Vineland,Cherry Hill"
"9051991","Fredon Township","US","(not set)","New Jersey","The Northeast","(714) 507-7025","Flemington,Allentown,Vineland,Cherry Hill"
"9051993","Freehold Township","US","(not set)","New Jersey","The Northeast","(714) 507-7025","Flemington,Allentown,Vineland,Cherry Hill"
"9052008","Galloway","US","(not set)","New Jersey","The Northeast","(714) 507-7025","Flemington,Allentown,Vineland,Cherry Hill"
"9052031","Gloucester Township","US","(not set)","New Jersey","The Northeast","(714) 507-7025","Flemington,Allentown,Vineland,Cherry Hill"
"9052059","Green Brook Township","US","(not set)","New Jersey","The Northeast","(714) 507-7025","Flemington,Allentown,Vineland,Cherry Hill"
"9052062","Green Township","US","(not set)","New Jersey","The Northeast","(714) 507-7025","Flemington,Allentown,Vineland,Cherry Hill"
"9052069","Greenwich Township","US","(not set)","New Jersey","The Northeast","(714) 507-7025","Flemington,Allentown,Vineland,Cherry Hill"
"9052083","Haddon Township School District","US","(not set)","New Jersey","The Northeast","(714) 507-7025","Flemington,Allentown,Vineland,Cherry Hill"
"9052093","Hampton Township","US","(not set)","New Jersey","The Northeast","(714) 507-7025","Flemington,Allentown,Vineland,Cherry Hill"
"9052099","Hanover","US","(not set)","New Jersey","The Northeast","(714) 507-7025","Flemington,Allentown,Vineland,Cherry Hill"
"9052107","Hardwick Township","US","(not set)","New Jersey","The Northeast","(714) 507-7025","Flemington,Allentown,Vineland,Cherry Hill"
"9052108","Hardyston Township","US","(not set)","New Jersey","The Northeast","(714) 507-7025","Flemington,Allentown,Vineland,Cherry Hill"
"9052110","Harrison Township","US","(not set)","New Jersey","The Northeast","(714) 507-7025","Flemington,Allentown,Vineland,Cherry Hill"
"9052143","Holland Township","US","(not set)","New Jersey","The Northeast","(714) 507-7025","Flemington,Allentown,Vineland,Cherry Hill"
"9052158","Hopewell Township","US","(not set)","New Jersey","The Northeast","(714) 507-7025","Flemington,Allentown,Vineland,Cherry Hill"
"9052200","Jefferson","US","(not set)","New Jersey","The Northeast","(714) 507-7025","Flemington,Allentown,Vineland,Cherry Hill"
"9052243","Kingwood","US","(not set)","New Jersey","The Northeast","(714) 507-7025","Flemington,Allentown,Vineland,Cherry Hill"
"9052244","Kinnelon","US","(not set)","New Jersey","The Northeast","(714) 507-7025","Flemington,Allentown,Vineland,Cherry Hill"
"9052252","Lacey Township","US","(not set)","New Jersey","The Northeast","(714) 507-7025","Flemington,Allentown,Vineland,Cherry Hill"
"9052286","Lakewood Township","US","(not set)","New Jersey","The Northeast","(714) 507-7025","Flemington,Allentown,Vineland,Cherry Hill"
"9052304","Lawrence Township","US","(not set)","New Jersey","The Northeast","(714) 507-7025","Flemington,Allentown,Vineland,Cherry Hill"
"9052309","Lebanon Township","US","(not set)","New Jersey","The Northeast","(714) 507-7025","Flemington,Allentown,Vineland,Cherry Hill"
"9052328","Lindenwold","US","(not set)","New Jersey","The Northeast","(714) 507-7025","Flemington,Allentown,Vineland,Cherry Hill"
"9052334","Little Egg Harbor Township","US","(not set)","New Jersey","The Northeast","(714) 507-7025","Flemington,Allentown,Vineland,Cherry Hill"
"9052342","Logan Township","US","(not set)","New Jersey","The Northeast","(714) 507-7025","Flemington,Allentown,Vineland,Cherry Hill"
"9052345","Long Beach Township","US","(not set)","New Jersey","The Northeast","(714) 507-7025","Flemington,Allentown,Vineland,Cherry Hill"
"9052346","Long Hill","US","(not set)","New Jersey","The Northeast","(714) 507-7025","Flemington,Allentown,Vineland,Cherry Hill"
"9052356","Lower Township","US","(not set)","New Jersey","The Northeast","(714) 507-7025","Flemington,Allentown,Vineland,Cherry Hill"
"9052378","Manchester Township","US","(not set)","New Jersey","The Northeast","(714) 507-7025","Flemington,Allentown,Vineland,Cherry Hill"
"9052381","Mansfield","US","(not set)","New Jersey","The Northeast","(714) 507-7025","Flemington,Allentown,Vineland,Cherry Hill"
"9052429","Middle Township","US","(not set)","New Jersey","The Northeast","(714) 507-7025","Flemington,Allentown,Vineland,Cherry Hill"
"9052445","Millstone","US","(not set)","New Jersey","The Northeast","(714) 507-7025","Flemington,Allentown,Vineland,Cherry Hill"
"9052469","Montgomery","US","(not set)","New Jersey","The Northeast","(714) 507-7025","Flemington,Allentown,Vineland,Cherry Hill"
"9052477","Morris Township","US","(not set)","New Jersey","The Northeast","(714) 507-7025","Flemington,Allentown,Vineland,Cherry Hill"
"9052486","Mount Olive Township","US","(not set)","New Jersey","The Northeast","(714) 507-7025","Flemington,Allentown,Vineland,Cherry Hill"
"9052505","Neptune Township","US","(not set)","New Jersey","The Northeast","(714) 507-7025","Flemington,Allentown,Vineland,Cherry Hill"
"9052512","New Hanover Township","US","(not set)","New Jersey","The Northeast","(714) 507-7025","Flemington,Allentown,Vineland,Cherry Hill"
"9052540","North Haledon","US","(not set)","New Jersey","The Northeast","(714) 507-7025","Flemington,Allentown,Vineland,Cherry Hill"
"9052541","North Hanover Township","US","(not set)","New Jersey","The Northeast","(714) 507-7025","Flemington,Allentown,Vineland,Cherry Hill"
"9052551","North Plainfield","US","(not set)","New Jersey","The Northeast","(714) 507-7025","Flemington,Allentown,Vineland,Cherry Hill"
"9052591","Ocean Township","US","(not set)","New Jersey","The Northeast","(714) 507-7025","Flemington,Allentown,Vineland,Cherry Hill"
"9052594","Old Bridge Township","US","(not set)","New Jersey","The Northeast","(714) 507-7025","Flemington,Allentown,Vineland,Cherry Hill"
"9052596","Old Tappan","US","(not set)","New Jersey","The Northeast","(714) 507-7025","Flemington,Allentown,Vineland,Cherry Hill"
"9052653","Pemberton Township","US","(not set)","New Jersey","The Northeast","(714) 507-7025","Flemington,Allentown,Vineland,Cherry Hill"
"9052658","Pennsville Township","US","(not set)","New Jersey","The Northeast","(714) 507-7025","Flemington,Allentown,Vineland,Cherry Hill"
"9052670","Pilesgrove","US","(not set)","New Jersey","The Northeast","(714) 507-7025","Flemington,Allentown,Vineland,Cherry Hill"
"9052679","Pittsgrove Township","US","(not set)","New Jersey","The Northeast","(714) 507-7025","Flemington,Allentown,Vineland,Cherry Hill"
"9052689","Plumsted Township","US","(not set)","New Jersey","The Northeast","(714) 507-7025","Flemington,Allentown,Vineland,Cherry Hill"
"9052696","Point Pleasant","US","(not set)","New Jersey","The Northeast","(714) 507-7025","Flemington,Allentown,Vineland,Cherry Hill"
"9052751","River Vale","US","(not set)","New Jersey","The Northeast","(714) 507-7025","Flemington,Allentown,Vineland,Cherry Hill"
"9052758","Robbinsville Township","US","(not set)","New Jersey","The Northeast","(714) 507-7025","Flemington,Allentown,Vineland,Cherry Hill"
"9052761","Rockaway Township","US","(not set)","New Jersey","The Northeast","(714) 507-7025","Flemington,Allentown,Vineland,Cherry Hill"
"9052783","Roxbury Township","US","(not set)","New Jersey","The Northeast","(714) 507-7025","Flemington,Allentown,Vineland,Cherry Hill"
"9052804","Sandyston","US","(not set)","New Jersey","The Northeast","(714) 507-7025","Flemington,Allentown,Vineland,Cherry Hill"
"9052867","South Brunswick Township","US","(not set)","New Jersey","The Northeast","(714) 507-7025","Flemington,Allentown,Vineland,Cherry Hill"
"9052889","Southampton Township","US","(not set)","New Jersey","The Northeast","(714) 507-7025","Flemington,Allentown,Vineland,Cherry Hill"
"9052923","Stafford Township","US","(not set)","New Jersey","The Northeast","(714) 507-7025","Flemington,Allentown,Vineland,Cherry Hill"
"9052955","Tabernacle","US","(not set)","New Jersey","The Northeast","(714) 507-7025","Flemington,Allentown,Vineland,Cherry Hill"
"9052969","Tewksbury","US","(not set)","New Jersey","The Northeast","(714) 507-7025","Flemington,Allentown,Vineland,Cherry Hill"
"9052990","Tinton Falls","US","(not set)","New Jersey","The Northeast","(714) 507-7025","Flemington,Allentown,Vineland,Cherry Hill"
"9053001","Township of Washington","US","(not set)","New Jersey","The Northeast","(714) 507-7025","Flemington,Allentown,Vineland,Cherry Hill"
"9053032","Upper Deerfield Township","US","(not set)","New Jersey","The Northeast","(714) 507-7025","Flemington,Allentown,Vineland,Cherry Hill"
"9053033","Upper Freehold","US","(not set)","New Jersey","The Northeast","(714) 507-7025","Flemington,Allentown,Vineland,Cherry Hill"
"9053036","Upper Saddle River","US","(not set)","New Jersey","The Northeast","(714) 507-7025","Flemington,Allentown,Vineland,Cherry Hill"
"9053071","Wall Township","US","(not set)","New Jersey","The Northeast","(714) 507-7025","Flemington,Allentown,Vineland,Cherry Hill"
"9053076","Wantage","US","(not set)","New Jersey","The Northeast","(714) 507-7025","Flemington,Allentown,Vineland,Cherry Hill"
"9053084","Washington Township","US","(not set)","New Jersey","The Northeast","(714) 507-7025","Flemington,Allentown,Vineland,Cherry Hill"
"9053087","Waterford","US","(not set)","New Jersey","The Northeast","(714) 507-7025","Flemington,Allentown,Vineland,Cherry Hill"
"9053105","West Caldwell","US","(not set)","New Jersey","The Northeast","(714) 507-7025","Flemington,Allentown,Vineland,Cherry Hill"
"9053109","West Deptford","US","(not set)","New Jersey","The Northeast","(714) 507-7025","Flemington,Allentown,Vineland,Cherry Hill"
"9053131","West Windsor Township","US","(not set)","New Jersey","The Northeast","(714) 507-7025","Flemington,Allentown,Vineland,Cherry Hill"
"9053132","Westampton","US","(not set)","New Jersey","The Northeast","(714) 507-7025","Flemington,Allentown,Vineland,Cherry Hill"
"9053196","Woodbridge Township","US","(not set)","New Jersey","The Northeast","(714) 507-7025","Flemington,Allentown,Vineland,Cherry Hill"
"9053204","Woodland Park","US","(not set)","New Jersey","The Northeast","(714) 507-7025","Flemington,Allentown,Vineland,Cherry Hill"
"9053210","Woolwich Township","US","(not set)","New Jersey","The Northeast","(714) 507-7025","Flemington,Allentown,Vineland,Cherry Hill"
"9058678","Atlantic County","US","(not set)","New Jersey","The Northeast","(714) 507-7025","Flemington,Allentown,Vineland,Cherry Hill"
"9058679","Bergen County","US","(not set)","New Jersey","The Northeast","(714) 507-7025","Flemington,Allentown,Vineland,Cherry Hill"
"9058680","Burlington County","US","(not set)","New Jersey","The Northeast","(714) 507-7025","Flemington,Allentown,Vineland,Cherry Hill"
"9058681","Camden County","US","(not set)","New Jersey","The Northeast","(714) 507-7025","Flemington,Allentown,Vineland,Cherry Hill"
"9058682","Cape May County","US","(not set)","New Jersey","The Northeast","(714) 507-7025","Flemington,Allentown,Vineland,Cherry Hill"
"9058683","Cumberland County","US","(not set)","New Jersey","The Northeast","(714) 507-7025","Flemington,Allentown,Vineland,Cherry Hill"
"9058684","Essex County","US","(not set)","New Jersey","The Northeast","(714) 507-7025","Flemington,Allentown,Vineland,Cherry Hill"
"9058685","Gloucester County","US","(not set)","New Jersey","The Northeast","(714) 507-7025","Flemington,Allentown,Vineland,Cherry Hill"
"9058686","Hudson County","US","(not set)","New Jersey","The Northeast","(714) 507-7025","Flemington,Allentown,Vineland,Cherry Hill"
"9058687","Mercer County","US","(not set)","New Jersey","The Northeast","(714) 507-7025","Flemington,Allentown,Vineland,Cherry Hill"
"9058688","Middlesex County","US","(not set)","New Jersey","The Northeast","(714) 507-7025","Flemington,Allentown,Vineland,Cherry Hill"
"9058689","Monmouth County","US","(not set)","New Jersey","The Northeast","(714) 507-7025","Flemington,Allentown,Vineland,Cherry Hill"
"9058690","Morris County","US","(not set)","New Jersey","The Northeast","(714) 507-7025","Flemington,Allentown,Vineland,Cherry Hill"
"9058691","Ocean County","US","(not set)","New Jersey","The Northeast","(714) 507-7025","Flemington,Allentown,Vineland,Cherry Hill"
"9058692","Passaic County","US","(not set)","New Jersey","The Northeast","(714) 507-7025","Flemington,Allentown,Vineland,Cherry Hill"
"9058693","Salem County","US","(not set)","New Jersey","The Northeast","(714) 507-7025","Flemington,Allentown,Vineland,Cherry Hill"
"9058694","Somerset County","US","(not set)","New Jersey","The Northeast","(714) 507-7025","Flemington,Allentown,Vineland,Cherry Hill"
"9058695","Sussex County","US","(not set)","New Jersey","The Northeast","(714) 507-7025","Flemington,Allentown,Vineland,Cherry Hill"
"9058696","Union County","US","(not set)","New Jersey","The Northeast","(714) 507-7025","Flemington,Allentown,Vineland,Cherry Hill"
"9058697","Warren County","US","(not set)","New Jersey","The Northeast","(714) 507-7025","Flemington,Allentown,Vineland,Cherry Hill"
"9060021","RutgersNew Brunswick","US","(not set)","New Jersey","The Northeast","(714) 507-7025","Flemington,Allentown,Vineland,Cherry Hill"
"9060122","Montclair State University","US","(not set)","New Jersey","The Northeast","(714) 507-7025","Flemington,Allentown,Vineland,Cherry Hill"
"9060208","Princeton University","US","(not set)","New Jersey","The Northeast","(714) 507-7025","Flemington,Allentown,Vineland,Cherry Hill"
"9060355","Central Business District","US","(not set)","New Jersey","The Northeast","(714) 507-7025","Flemington,Allentown,Vineland,Cherry Hill"
"9060356","University Heights","US","(not set)","New Jersey","The Northeast","(714) 507-7025","Flemington,Allentown,Vineland,Cherry Hill"
"9060488","Erlton-Ellisburg","US","(not set)","New Jersey","The Northeast","(714) 507-7025","Flemington,Allentown,Vineland,Cherry Hill"
"9060562","Upper Montclair","US","(not set)","New Jersey","The Northeast","(714) 507-7025","Flemington,Allentown,Vineland,Cherry Hill"
"9060630","Downtown","US","(not set)","New Jersey","The Northeast","(714) 507-7025","Flemington,Allentown,Vineland,Cherry Hill"
"9073475","Winslow Township","US","(not set)","New Jersey","The Northeast","(714) 507-7025","Flemington,Allentown,Vineland,Cherry Hill"
